Ticker,Sector,Sub Sector,Sales YoY Growth,NetProfit YoY Growth,Sales TTM 1Yr Growth,NetProfit TTM 1Yr Growth,QoQ Sales Growth,QoQ Profit Growth,3M Return,6M Return,1Yr Return,2Yr Return,PE Ratio,Future PE,TTM PEG,Future PEG,PB Ratio,EV/Sales,EV/EBITDA,Market Cap (Billions),Revenue (Billions),TTM Revenue (Billions),QtrStd,YrStd,Qtr Beta,Yr Beta,_Loss_Profit_YoY,_Loss_Profit_TTM,_Loss_Profit_QoQ
MMM,Industrials,Conglomerates,1.3,-39.7,1.5,-22.1,-1.7,13.2,-4.84,-9.47,4.06,62.91,29.51,22.99,-1.34,-1.04,24.43,3.48,13.96,79.72,25.02,24.95,27.38,26.06,1.0647,0.9563,True,True,False
AOS,Industrials,Specialty Industrial Machinery,-1.9,-10.5,0.3,2.4,3.6,-5.9,-25.64,-11.79,-9.11,-26.12,15.49,15.86,6.45,6.61,4.23,2.2,10.55,7.94,3.81,3.83,28.49,24.75,1.0672,0.7577,True,False,True
ABT,Healthcare,Medical Devices,7.8,-19.7,5.7,-51.3,-2.6,-39.4,-23.9,-31.82,-33.71,-10.82,23.97,11.67,-0.47,-0.23,2.89,3.94,15.14,150.32,45.13,44.33,25.39,23.89,0.4752,0.1984,True,True,True
ABBV,Healthcare,Drug Manufacturers - General,12.4,-46.2,8.6,-1.2,-9.7,-61.7,-5.9,-1.28,21.62,51.14,106.65,105.37,-88.88,-87.81,,7.16,15.04,386.27,62.82,61.16,25.17,23.91,0.4412,0.1753,True,True,True
ACN,Technology,Information Technology Services,8.3,4.0,7.4,5.7,-3.7,-17.5,-12.63,-30.11,-43.09,-37.36,14.62,15.45,2.56,2.71,3.51,1.53,8.64,109.79,72.11,69.67,37.7,34.72,-0.0088,0.7112,False,False,True
ADBE,Technology,Software - Application,12.0,11.1,10.5,28.2,3.3,1.8,-7.45,-25.22,-41.59,-49.45,14.08,18.05,0.5,0.64,8.57,3.98,10.23,97.59,24.45,23.77,39.68,32.21,0.1652,0.5805,False,False,False
AMD,Technology,Semiconductors,37.8,91.2,34.3,164.2,-0.2,-8.5,160.84,135.75,358.37,213.73,163.95,433.16,1.0,2.64,13.1,22.33,112.56,844.8,37.45,34.64,72.9,65.08,3.0789,2.7945,False,False,True
AES,Utilities,Utilities - Diversified,8.7,951.1,-0.4,-45.8,2.5,52.2,4.65,7.56,53.68,-22.64,7.65,4.15,-0.17,-0.09,2.37,3.88,12.91,10.48,12.49,12.23,38.36,43.11,0.1166,0.7588,False,True,False
AFL,Financial Services,Insurance - Life,27.9,3860.0,-9.3,-33.0,-9.9,-26.1,-0.12,3.89,11.89,34.66,13.13,8.8,-0.4,-0.27,1.92,3.51,10.8,57.33,18.11,17.36,15.79,16.78,0.2157,0.1147,False,True,True
A,Healthcare,Diagnostics & Research,7.0,-3.6,6.7,1.1,,-4.1,14.83,-9.44,20.49,-5.48,25.59,25.87,23.26,23.52,5.68,4.89,17.52,38.21,7.06,6.95,44.52,32.98,1.1194,1.1507,True,False,True
APD,Basic Materials,Specialty Chemicals,8.8,,-0.5,-110.3,2.2,4.7,3.26,10.22,6.62,14.75,30.11,-3.1,-0.27,0.03,4.04,6.67,21.44,63.16,12.46,12.04,19.57,24.75,-0.0489,0.3347,False,True,False
ABNB,Consumer Cyclical,Travel Services,17.9,6.0,10.3,-5.2,-3.6,-53.1,0.93,13.22,4.78,-8.26,32.57,30.88,-6.26,-5.94,10.48,5.56,26.86,79.83,12.65,12.24,30.1,29.02,1.4617,1.269,False,True,True
AKAM,Technology,Software - Infrastructure,5.8,-13.4,5.4,-10.5,-1.9,25.0,46.59,63.19,88.11,57.56,48.35,43.27,-4.6,-4.12,4.24,6.03,22.45,20.81,4.27,4.21,80.66,53.09,1.2809,0.9695,True,True,False
ALB,Basic Materials,Specialty Chemicals,32.7,,-4.4,-56.7,0.0,-177.0,-0.8,38.15,212.08,47.96,,,,,2.73,4.41,22.67,20.79,5.49,5.14,61.02,61.79,1.1648,1.5532,False,True,True
ARE,Real Estate,REIT - Office,-11.5,,-3.4,-542.7,-10.4,-133.5,-3.38,-2.82,-25.08,-51.33,,,,,0.54,8.47,13.34,8.72,2.93,2.95,46.3,42.74,1.3628,1.0195,False,True,True
ALGN,Healthcare,Medical Instruments & Supplies,6.2,23.9,0.9,-2.6,-0.7,-16.9,-8.34,18.08,-5.35,-31.46,27.37,26.66,-10.53,-10.25,2.99,2.8,12.87,12.41,4.1,4.03,41.85,52.51,1.8974,1.6729,False,True,True
ALLE,Industrials,Security & Protection Services,9.7,-7.0,7.8,7.7,0.0,-6.4,-18.85,-20.16,-7.67,12.53,17.92,19.3,2.33,2.51,5.37,3.17,13.07,11.29,4.16,4.07,27.35,24.91,0.9395,0.7046,True,False,True
LNT,Utilities,Utilities - Regulated Electric,5.0,4.9,9.6,17.4,11.3,57.7,0.53,8.43,20.34,55.94,22.69,26.64,1.3,1.53,2.51,6.87,16.36,18.64,4.42,4.36,16.97,15.13,0.1381,0.0108,False,False,False
ALL,Financial Services,Insurance - Property & Casualty,3.0,338.4,5.6,120.3,-2.6,-35.9,-2.58,-0.8,2.22,31.87,4.62,10.18,0.04,0.08,1.81,0.84,3.87,53.36,68.17,67.07,19.93,23.31,0.0181,0.0255,False,False,True
GOOGL,Communication Services,Internet Content & Information,21.8,82.0,15.1,32.0,-3.5,81.6,27.37,24.06,127.79,123.62,29.67,39.16,0.93,1.22,9.87,11.11,29.11,4726.6,422.5,402.84,34.06,28.91,1.6747,1.3508,False,False,False
GOOG,Communication Services,Internet Content & Information,21.8,82.0,15.1,32.0,-3.5,81.6,26.12,22.7,124.01,119.44,29.32,38.7,0.92,1.21,9.77,11.0,28.81,4678.02,422.5,402.84,33.2,28.27,1.6282,1.3257,False,False,False
MO,Consumer Defensive,Tobacco,5.3,106.3,-1.5,-38.3,-6.3,95.4,6.53,26.0,29.51,84.5,15.06,9.29,-0.39,-0.24,,6.93,8.95,120.18,20.38,20.14,25.17,22.22,-0.3096,-0.2619,False,True,False
AMZN,Consumer Cyclical,Internet Retail,16.6,74.8,12.4,31.1,-14.9,42.8,31.48,17.15,33.2,50.53,31.64,41.48,1.02,1.33,6.67,4.09,19.5,2947.45,742.78,716.92,28.35,29.7,1.3711,1.4557,False,False,False
AMCR,Consumer Cyclical,Packaging & Containers,77.4,-11.7,10.0,-30.0,8.5,57.1,-18.48,-6.87,-12.41,-14.06,31.91,22.34,-1.06,-0.74,1.56,1.5,10.41,18.15,22.19,15.01,39.83,31.11,1.8857,0.9043,True,True,False
AEE,Utilities,Utilities - Regulated Electric,3.7,19.6,15.4,23.2,22.1,41.7,-2.86,7.24,16.54,65.07,19.59,24.13,0.84,1.04,2.22,6.04,13.47,30.15,8.54,8.8,18.07,15.23,0.2332,0.0505,False,False,False
AEP,Utilities,Utilities - Regulated Electric,10.2,6.7,10.9,20.7,13.3,50.2,-3.45,7.63,28.55,56.35,19.15,23.11,0.93,1.12,2.18,5.44,13.34,69.51,22.43,21.88,19.67,17.88,0.181,0.0619,False,False,False
AXP,Financial Services,Credit Services,11.6,17.6,9.5,7.0,-0.4,20.7,2.83,-12.07,7.8,36.49,19.49,20.85,2.78,2.98,6.32,3.22,,215.01,68.81,72.23,26.53,25.86,0.8438,1.1263,False,False,False
AIG,Financial Services,Insurance - Diversified,1.4,21.6,-1.8,-320.5,0.9,3.8,-7.74,-1.8,-8.99,0.17,13.1,-28.89,-0.04,0.09,0.98,1.46,4.69,39.45,26.7,26.77,22.97,23.72,0.5267,0.2975,False,True,False
AMT,Real Estate,REIT - Specialty,6.8,76.9,5.1,12.2,0.0,4.7,-0.87,8.0,-9.42,7.91,29.87,33.51,2.45,2.75,24.7,12.67,19.62,86.97,10.82,10.64,25.91,23.22,0.3051,0.0282,False,False,False
AWK,Utilities,Utilities - Regulated Water,5.7,-4.8,9.7,5.7,-5.0,-17.6,-9.02,-5.3,-11.28,3.56,21.93,23.18,3.85,4.07,2.16,7.57,13.9,23.89,5.21,5.14,21.2,21.23,-0.4137,-0.4309,True,False,True
AMP,Financial Services,Asset Management,9.0,66.0,7.0,4.8,-3.0,-9.2,-7.13,-2.67,-12.59,5.47,11.04,11.57,2.3,2.41,6.38,1.79,,39.54,19.32,18.48,23.87,24.76,0.7693,1.0623,False,False,True
AME,Industrials,Specialty Industrial Machinery,11.3,14.5,6.6,7.6,-3.5,0.2,-6.48,15.62,26.04,37.01,34.26,36.86,4.51,4.85,4.73,7.06,22.17,51.67,7.6,7.4,27.22,21.79,1.319,0.9253,False,False,False
AMGN,Healthcare,Drug Manufacturers - General,5.8,4.4,10.0,88.5,-12.6,36.5,-12.1,1.15,22.24,20.72,23.37,44.05,0.26,0.5,19.76,6.1,13.41,181.6,37.22,36.75,23.0,27.12,0.757,0.5695,False,False,False
APH,Technology,Electronic Components,58.4,24.1,51.7,76.2,18.3,-22.0,9.48,6.49,67.26,125.55,40.35,71.1,0.53,0.93,12.99,7.57,23.98,181.68,25.9,23.09,49.39,40.49,1.736,1.6989,False,False,True
ADI,Technology,Semiconductors,37.2,110.5,16.9,38.7,14.7,41.6,19.27,58.27,97.17,89.55,62.45,86.62,1.61,2.24,6.05,16.43,34.05,204.09,12.74,11.02,38.32,30.27,1.6225,1.401,False,False,False
AON,Financial Services,Insurance Brokers,6.5,27.1,9.4,39.2,17.1,-28.4,-5.52,-9.12,-12.84,16.86,17.47,24.32,0.45,0.62,6.91,4.71,14.09,67.98,17.49,17.18,26.09,23.81,-0.0978,-0.0048,False,False,True
APA,Energy,Oil & Gas E&P,-11.9,32.2,-8.4,78.4,16.9,59.9,16.04,46.85,119.44,36.41,8.54,15.24,0.11,0.19,2.0,2.16,3.47,12.91,8.37,8.92,51.26,46.43,-2.1882,-0.5041,False,False,False
APO,Financial Services,Asset Management,-9.2,,22.7,-23.7,-48.7,-378.7,20.29,-2.15,-1.63,16.02,81.74,62.37,-3.45,-2.63,3.96,2.96,,73.51,31.29,32.05,39.59,35.1,0.8217,1.3176,False,True,True
AAPL,Technology,Consumer Electronics,16.6,21.8,6.4,19.5,-22.7,-29.7,18.16,10.59,56.91,65.65,37.61,44.94,1.93,2.3,43.05,10.2,28.79,4589.95,451.44,416.16,21.78,22.08,0.88,0.9552,False,False,True
AMAT,Technology,Semiconductor Equipment & Materials,11.4,33.5,4.4,-2.5,12.8,38.5,20.97,76.96,184.03,108.75,42.18,41.13,-16.87,-16.45,14.93,12.27,38.39,357.03,29.02,28.37,51.3,45.82,2.5093,2.2902,False,True,False
APP,Communication Services,Advertising Agencies,59.0,113.1,70.0,111.0,11.1,9.4,38.55,-3.8,56.13,615.09,49.25,103.92,0.44,0.94,85.36,32.87,41.59,201.53,6.16,5.48,68.57,70.86,1.4455,2.2841,False,False,False
APTV,Consumer Cyclical,Auto Parts,5.4,,3.5,-90.8,-1.3,37.0,-12.14,-17.25,-6.49,-21.9,36.8,3.39,-0.41,-0.04,1.46,0.99,6.43,13.47,20.66,20.4,47.45,37.22,1.3448,1.4377,False,True,False
ACGL,Financial Services,Insurance - Diversified,-3.3,94.6,14.0,2.0,-8.1,-15.4,-10.28,-2.67,-3.75,-6.1,7.03,7.17,3.52,3.58,1.36,1.59,5.34,31.68,19.78,19.29,20.83,20.95,0.1293,-0.1007,False,False,True
ADM,Consumer Defensive,Farm Products,1.6,0.9,-6.2,-40.1,10.4,-34.6,15.74,34.13,70.69,43.04,35.42,21.22,-0.88,-0.53,1.69,0.61,19.26,38.58,80.58,80.27,29.33,26.81,-0.1002,-0.029,False,True,True
ARES,Financial Services,Asset Management,28.3,770.5,44.2,13.7,-7.2,162.8,12.66,-19.41,-21.03,-5.97,58.6,66.63,4.28,4.86,11.07,7.94,34.02,41.56,5.91,5.6,46.35,40.46,1.388,1.6929,False,False,False
ANET,Technology,Computer Hardware,35.1,25.0,28.6,23.1,8.9,7.0,20.09,21.2,79.77,101.45,52.99,65.23,2.29,2.82,14.5,18.86,43.23,195.51,9.71,9.01,60.46,52.64,1.8975,2.0962,False,False,False
AJG,Financial Services,Insurance Brokers,34.6,16.2,20.7,2.1,31.1,444.0,-11.34,-17.18,-40.14,-15.88,32.79,33.48,15.61,15.94,2.19,4.51,16.19,52.07,14.2,13.94,28.43,27.57,-0.0346,0.0121,False,False,False
AIZ,Financial Services,Insurance - Property & Casualty,11.3,91.2,7.9,14.8,2.1,21.7,5.93,10.19,25.67,50.91,12.92,14.83,0.87,1.0,2.09,0.95,7.65,12.26,13.16,12.81,22.0,24.57,0.5647,0.4515,False,False,False
T,Communication Services,Telecom Services,2.9,-11.3,2.7,100.5,9.0,-59.3,-10.24,-1.38,-5.16,59.58,8.18,16.4,0.08,0.16,1.58,2.68,7.62,172.87,126.53,125.65,24.02,21.53,-0.3524,-0.2606,True,False,True
ATO,Utilities,Utilities - Regulated Gas,0.6,14.5,12.9,14.9,46.2,44.4,-6.98,1.9,14.61,62.64,21.68,24.91,1.46,1.67,1.94,7.86,15.11,28.88,4.88,4.7,16.74,15.26,0.0476,0.0214,False,False,False
ADSK,Technology,Software - Application,19.4,6.3,17.5,1.1,5.6,-7.9,-2.43,-21.03,-18.87,15.56,45.29,45.79,41.17,41.63,16.78,7.07,26.75,50.88,7.21,7.21,36.01,31.23,0.3453,0.7589,False,False,True
ADP,Technology,Software - Application,7.0,10.5,7.1,8.7,10.8,28.0,3.12,-12.79,-30.46,-4.1,20.49,22.27,2.36,2.56,13.87,4.12,14.05,87.89,21.6,20.56,30.69,23.6,-0.292,0.2627,False,False,False
AZO,Consumer Cyclical,Auto Parts,8.4,7.7,2.4,-6.2,-7.7,-11.7,-22.55,-23.81,-18.5,9.78,21.23,19.91,-3.42,-3.21,,3.09,14.46,49.22,19.99,18.94,35.18,26.94,0.9551,0.2792,False,True,True
AVB,Real Estate,REIT - Residential,2.5,40.3,4.4,-2.8,0.3,97.7,4.4,5.02,-6.79,5.12,23.1,22.45,-8.25,-8.02,2.23,11.54,19.12,26.22,3.06,3.04,20.75,20.0,0.5133,0.4438,False,True,False
AVY,Consumer Cyclical,Packaging & Containers,7.0,4.3,1.1,-2.4,1.2,1.0,-16.92,-5.6,-8.36,-24.55,18.09,17.66,-7.54,-7.36,5.37,1.76,10.96,12.33,9.01,8.86,24.93,23.3,1.1001,0.6255,False,True,False
AXON,Industrials,Aerospace & Defense,33.7,89.8,33.5,-66.9,1.3,500.0,-23.2,-17.61,-39.84,54.59,158.6,52.5,-2.37,-0.78,10.02,12.24,354.98,35.41,2.98,2.78,62.15,54.77,1.1255,1.1722,False,True,False
BKR,Energy,Oil & Gas Equipment & Services,2.5,132.5,-0.3,-13.1,-10.8,6.2,0.15,29.93,76.2,110.92,20.22,17.57,-1.54,-1.34,3.32,2.32,13.4,64.2,27.89,27.73,36.84,32.4,0.625,0.7685,False,True,False
BALL,Consumer Cyclical,Packaging & Containers,16.3,21.9,11.6,-77.2,7.6,2.5,-15.33,15.05,6.57,-13.11,16.49,3.76,-0.21,-0.05,2.67,1.64,10.93,14.97,13.67,13.16,28.03,25.92,1.0043,0.3489,False,True,False
BAC,Financial Services,Banks - Diversified,8.1,24.4,6.8,13.1,-2.9,14.0,2.5,-3.6,17.34,37.38,12.66,14.32,0.97,1.09,1.31,3.05,,360.29,109.59,113.1,22.95,21.28,0.821,0.928,False,False,False
BAX,Healthcare,Medical Instruments & Supplies,2.9,,5.7,47.5,-9.2,-98.7,,,-36.44,-39.64,,,,,1.65,1.55,9.21,9.94,11.32,11.24,40.83,46.28,1.7424,1.3569,False,False,True
BDX,Healthcare,Medical Instruments & Supplies,5.2,,8.2,-1.6,-10.2,-181.4,-15.4,-0.42,11.16,-12.65,25.9,25.49,-16.19,-15.93,1.69,2.58,9.32,40.89,22.23,21.84,25.17,24.96,0.5364,0.5719,False,True,True
BRK-B,Financial Services,Insurance - Diversified,4.4,119.6,-3.2,-24.8,-17.4,-47.4,-0.57,-6.12,-5.68,18.15,14.21,10.69,-0.57,-0.43,0.0,-0.71,-2.25,1029.73,375.39,410.52,16.02,14.33,0.1703,0.1276,False,True,True
BBY,Consumer Cyclical,Specialty Retail,-1.0,372.5,0.4,15.3,42.8,286.4,23.2,-0.47,19.05,14.63,14.83,17.1,0.97,1.12,5.27,0.38,6.05,15.75,41.69,41.69,46.61,37.42,0.2159,1.0358,False,False,False
TECH,Healthcare,Biotechnology,-1.5,128.6,5.2,-56.3,5.3,34.3,-11.91,-20.01,5.83,-34.6,72.63,31.74,-1.29,-0.56,3.94,6.64,21.95,7.96,1.21,1.22,58.53,45.53,0.7057,1.0486,False,True,False
BIIB,Healthcare,Drug Manufacturers - General,1.9,31.1,2.2,-20.8,8.7,-500.0,4.43,10.47,47.94,-8.4,21.12,16.73,-1.02,-0.8,1.55,3.15,8.89,28.99,9.94,9.89,33.66,33.12,0.4122,0.4259,False,True,True
BLK,Financial Services,Asset Management,27.0,45.9,18.7,-12.8,-4.4,96.3,-1.5,1.68,9.4,44.43,26.96,23.51,-2.11,-1.84,2.87,6.67,16.53,162.45,25.64,24.22,30.29,25.34,1.529,1.3203,False,True,False
BX,Financial Services,Asset Management,5.7,3.9,13.5,8.7,-19.6,-36.0,1.64,-18.98,-13.34,6.42,29.7,32.28,3.41,3.71,10.9,8.13,,141.95,14.4,12.41,39.07,33.48,1.3828,1.4914,False,False,True
XYZ,Technology,Software - Infrastructure,4.9,,0.3,-54.9,-3.1,-366.7,15.36,15.54,19.61,13.41,55.9,25.21,-1.02,-0.46,2.02,1.84,28.58,44.25,24.48,24.19,53.38,46.28,1.8793,2.0688,False,True,True
BNY,Financial Services,Banks - Diversified,13.4,41.8,8.2,22.5,4.5,11.7,18.12,26.77,60.77,154.29,17.33,21.23,0.77,0.94,2.45,-3.13,,96.48,20.75,19.76,18.37,19.7,0.7215,0.8639,False,False,False
BA,Industrials,Aerospace & Defense,14.0,,34.5,-118.9,-7.2,-100.0,-0.42,22.7,9.9,33.28,88.33,-16.69,-0.74,0.14,30.14,2.28,-64.37,180.35,92.18,89.46,37.43,31.41,1.6276,1.1141,False,True,True
BKNG,Consumer Cyclical,Travel Services,16.2,240.0,13.4,-8.1,-12.9,-24.2,1.8,-12.85,-22.25,15.52,22.4,20.59,-2.77,-2.54,,4.87,12.98,131.59,27.69,26.92,39.07,31.82,0.7252,0.9761,False,True,True
BSX,Healthcare,Medical Devices,11.6,100.0,19.9,56.3,-1.6,99.6,-35.57,-51.38,-53.0,-34.5,20.55,32.12,0.37,0.57,2.82,4.02,15.06,72.99,20.61,20.07,47.14,34.76,0.5764,0.2612,False,False,False
BMY,Healthcare,Drug Manufacturers - General,2.6,9.2,-0.2,-178.8,-8.1,146.3,-7.77,18.29,24.88,55.75,16.12,-12.7,-0.09,0.07,5.79,3.14,8.02,116.21,48.48,48.2,25.04,26.45,0.5311,0.3734,False,True,False
AVGO,Technology,Semiconductors,29.5,31.6,23.9,292.3,7.2,-13.7,34.08,10.93,77.72,213.01,82.03,321.8,0.28,1.1,25.29,30.34,55.66,2019.71,68.28,63.89,41.05,42.64,1.9273,2.0744,False,False,True
BR,Technology,Information Technology Services,7.8,15.1,5.9,20.3,14.0,-2.9,-19.28,-33.27,-36.46,-20.27,15.73,18.92,0.77,0.93,6.15,2.79,11.59,17.32,7.32,6.89,29.24,24.7,-0.0015,0.1345,False,False,True
BRO,Financial Services,Insurance Brokers,35.7,-7.9,22.5,6.1,19.0,61.4,-21.22,-29.62,-48.66,-33.2,18.51,19.64,3.03,3.22,1.51,4.22,10.62,19.27,6.26,5.76,30.52,28.01,-0.1129,-0.0307,True,False,False
BF-B,Consumer Defensive,Beverages - Wineries & Distilleries,2.0,1.3,-4.9,-15.1,1.9,19.2,-9.19,-11.15,-21.3,-38.03,15.09,12.81,-1.0,-0.85,2.92,3.65,11.8,11.91,3.91,3.98,52.33,42.32,0.0649,0.2546,False,True,False
BLDR,Industrials,Building Products & Equipment,-10.1,,-7.4,-59.6,-2.1,-250.6,-22.82,-32.21,-29.57,-50.81,29.62,11.97,-0.5,-0.2,2.06,0.91,11.13,8.25,14.82,15.19,50.24,48.3,2.0978,1.6418,False,True,True
BG,Consumer Defensive,Farm Products,87.8,-76.4,32.4,-28.2,-8.0,-28.4,3.18,29.81,60.54,23.8,31.88,22.89,-1.13,-0.81,1.5,0.5,17.91,24.0,80.55,70.33,28.07,31.09,-0.2407,0.0751,True,True,True
BXP,Real Estate,REIT - Office,0.6,65.5,2.2,1839.5,-0.6,-59.1,9.28,-13.73,-7.66,17.64,30.47,590.97,0.02,0.32,1.87,8.89,17.59,10.81,3.16,3.48,28.27,28.14,0.9454,0.9385,False,False,True
CHRW,Industrials,Integrated Freight & Logistics,-0.8,9.9,-8.4,26.1,2.6,8.0,-6.0,10.23,85.99,118.25,35.51,44.78,1.36,1.72,12.16,1.37,24.97,20.68,16.2,16.23,39.87,42.05,0.8781,0.7961,False,False,False
CDNS,Technology,Software - Application,18.7,23.0,14.1,5.1,2.4,-13.5,23.24,20.74,31.41,28.16,86.94,91.37,17.05,17.92,15.72,18.93,51.96,103.11,5.53,5.3,38.51,36.33,1.4311,1.5682,False,False,True
CPT,Real Estate,REIT - Residential,-0.5,12.1,1.9,135.4,-0.5,-72.8,-0.07,4.0,-3.83,17.16,30.17,71.02,0.22,0.52,2.79,9.81,18.5,10.7,1.58,1.57,19.71,19.04,0.3958,0.2976,False,False,True
CPB,Consumer Defensive,Packaged Foods,-4.5,-17.2,6.4,6.2,-4.2,-25.3,-19.57,-29.75,-35.55,-47.46,11.12,11.81,1.79,1.9,1.55,1.3,7.47,6.2,10.04,10.25,31.14,28.87,-0.0594,-0.1624,True,False,True
COF,Financial Services,Credit Services,46.3,-3.2,36.6,-48.4,-1.1,1.9,-3.34,-14.44,-0.52,41.85,58.08,29.97,-1.2,-0.62,1.08,2.71,,116.38,36.31,53.43,29.75,30.74,1.1624,1.4858,True,True,False
CAH,Healthcare,Medical Distribution,11.0,-19.5,-1.9,83.2,-7.1,-14.6,-12.85,-3.45,31.25,113.98,30.46,55.8,0.37,0.67,,0.21,13.01,46.81,250.74,222.58,25.62,29.81,0.2775,-0.0364,True,False,True
CCL,Consumer Cyclical,Travel Services,6.1,,6.4,44.1,-2.6,-38.9,-3.53,8.91,21.94,85.55,12.31,17.74,0.28,0.4,2.97,2.37,8.81,38.7,26.98,26.62,59.86,46.57,3.0538,2.281,False,False,True
CARR,Industrials,Building Products & Equipment,2.4,-40.7,-3.3,-73.5,10.4,349.1,0.31,18.55,-9.33,3.92,42.83,11.35,-0.58,-0.15,3.94,2.95,20.55,53.0,21.87,21.75,45.82,34.37,1.671,1.2711,True,True,False
CVNA,Consumer Cyclical,Auto & Truck Dealerships,52.0,11.9,48.6,570.0,14.8,-70.8,13.72,-2.08,14.95,249.79,42.48,284.62,0.07,0.5,14.12,2.5,24.03,80.61,22.52,20.32,55.97,59.11,2.3211,2.2587,False,False,True
CASY,Consumer Cyclical,Specialty Retail,0.3,49.8,7.3,8.9,-13.1,-37.0,13.76,37.45,77.97,142.15,45.06,49.07,5.06,5.51,7.5,1.84,22.52,28.95,16.98,15.94,28.84,25.8,0.9473,0.4009,False,False,True
CAT,Industrials,Farm & Heavy Construction Machinery,22.2,30.2,4.3,-17.7,-9.0,6.1,18.22,56.93,155.06,169.69,45.24,37.23,-2.56,-2.1,21.91,6.34,30.82,408.85,70.76,67.59,41.3,33.73,1.8845,1.6066,False,True,False
CBOE,Financial Services,Financial Data & Stock Exchanges,6.5,54.4,15.1,43.8,5.7,23.0,,35.18,52.28,98.34,29.68,42.68,0.68,0.97,6.71,7.4,19.89,36.03,4.79,4.71,32.76,23.32,-0.1151,-0.1855,False,False,False
CBRE,Real Estate,Real Estate Services,18.6,98.1,13.4,19.5,-9.5,-23.6,-12.8,-20.66,1.4,46.86,28.8,34.42,1.48,1.77,4.35,1.11,21.24,37.02,42.2,40.55,27.61,30.27,0.9319,1.0172,False,False,True
CDW,Technology,Information Technology Services,9.2,7.7,6.8,-1.0,3.1,-15.8,-6.35,-17.89,-35.07,-45.65,13.91,13.77,-13.91,-13.77,5.82,0.89,10.29,14.84,22.9,22.42,51.97,37.29,-0.0121,0.8349,False,True,True
COR,Healthcare,Medical Distribution,3.8,128.3,9.3,3.0,-8.8,193.3,-28.0,-25.36,-7.21,24.19,20.5,21.12,6.83,7.04,15.33,0.2,12.3,52.09,328.68,321.33,41.67,30.11,0.0012,-0.012,False,False,False
CNC,Healthcare,Healthcare Plans,5.1,18.3,19.4,-301.9,0.4,-240.0,32.09,55.48,4.23,-16.44,,,,,1.36,0.12,7.51,29.09,178.33,194.78,59.01,64.2,0.3489,0.3062,False,True,True
CNP,Utilities,Utilities - Regulated Electric,1.9,6.7,8.3,3.2,18.8,19.7,-2.05,9.09,16.33,50.96,25.9,26.73,8.09,8.35,2.41,5.43,13.95,27.62,9.41,9.36,17.99,15.92,-0.0046,-0.0548,False,False,False
CF,Basic Materials,Agricultural Inputs,19.4,115.1,19.3,19.5,6.1,52.2,12.15,47.37,32.06,58.1,10.49,12.54,0.54,0.64,3.35,3.02,6.51,17.9,7.41,7.08,63.23,41.86,-2.7942,-0.9595,False,False,False
CRL,Healthcare,Diagnostics & Research,1.2,,-0.9,-1501.7,0.2,-94.6,1.53,2.98,31.69,-14.25,,,,,2.97,2.89,13.1,8.73,4.03,4.02,54.36,44.91,1.6908,1.4965,False,True,True
SCHW,Financial Services,Capital Markets,15.8,38.6,22.0,49.0,2.3,0.8,-10.3,-7.28,-1.51,24.27,16.97,25.29,0.35,0.52,3.49,4.76,,148.44,24.8,23.92,27.68,23.82,0.4089,0.6909,False,False,False
CHTR,Communication Services,Telecom Services,-1.0,8.9,-0.6,-1.9,-0.0,-12.7,-36.74,-25.23,-62.8,-45.73,3.98,3.9,-2.09,-2.05,1.11,2.18,5.42,20.79,54.64,54.77,67.15,48.12,-0.0675,0.334,False,True,True
CVX,Energy,Oil & Gas Integrated,2.3,-44.5,-4.6,-30.4,3.9,-20.2,-2.58,22.27,38.28,27.06,31.83,22.15,-1.05,-0.73,1.97,2.19,10.76,364.52,185.74,184.43,27.14,22.11,-1.0507,-0.2986,True,True,True
CMG,Consumer Cyclical,Restaurants,7.4,-17.9,5.4,0.1,3.5,-8.5,-11.64,-5.32,-34.81,-47.25,30.02,30.05,300.2,300.5,17.33,3.79,19.95,41.59,12.14,11.93,32.45,38.08,1.0497,1.0908,True,False,True
CB,Financial Services,Insurance - Property & Casualty,10.2,78.7,6.7,11.2,-3.2,-27.7,-7.47,7.92,8.18,23.28,11.34,12.61,1.01,1.13,1.66,2.4,10.11,122.65,60.99,59.78,16.33,17.37,0.0119,-0.0903,False,False,True
CHD,Consumer Defensive,Household & Personal Products,0.2,2.2,1.6,25.9,-10.6,50.7,-5.77,16.16,0.78,-3.16,32.22,40.56,1.24,1.57,5.52,4.03,18.02,23.13,6.21,6.2,21.69,21.32,0.4067,0.0314,False,False,False
CIEN,Technology,Communication Equipment,33.1,232.3,18.8,46.9,5.6,500.0,61.19,183.78,599.18,1055.61,370.25,543.9,7.89,11.6,28.88,15.79,141.82,80.62,5.12,4.77,78.77,64.89,2.7042,2.6976,False,False,False
CI,Healthcare,Healthcare Plans,4.6,29.1,11.7,73.5,277.4,168.1,-1.7,5.09,-6.96,-11.29,2.51,4.35,0.03,0.06,1.78,0.35,7.36,75.21,277.89,274.88,27.15,32.8,0.457,0.4968,False,False,False
CINF,Financial Services,Insurance - Property & Casualty,11.6,,11.4,4.4,-7.4,-59.5,-5.32,-2.56,9.14,46.32,9.14,9.54,2.08,2.17,1.57,1.89,6.68,24.75,12.93,12.63,19.22,19.42,0.3397,0.3433,False,False,True
CTAS,Industrials,Specialty Business Services,8.9,9.7,7.7,15.3,1.5,1.4,-13.92,-6.2,-22.27,6.12,35.83,41.31,2.34,2.7,14.46,6.53,24.79,69.25,11.03,10.34,24.08,19.38,0.5961,0.4782,False,False,False
CSCO,Technology,Communication Equipment,12.0,37.1,5.3,-1.4,3.2,6.2,50.19,57.71,92.5,171.3,39.81,39.25,-28.44,-28.04,9.6,7.97,28.46,467.61,60.75,56.65,38.25,29.48,0.7316,0.9647,False,True,False
C,Financial Services,Banks - Diversified,15.9,56.1,5.6,12.8,25.4,134.1,12.4,22.64,68.82,112.58,15.41,17.38,1.2,1.36,1.11,0.04,,212.65,78.73,85.21,30.5,27.8,1.3604,1.4712,False,False,False
CFG,Financial Services,Banks - Regional,13.8,46.8,5.6,21.3,0.5,-2.1,2.9,15.98,60.03,96.02,14.93,18.11,0.7,0.85,1.11,3.51,,26.39,7.89,8.25,26.43,25.95,1.0591,1.2488,False,False,True
CLX,Consumer Defensive,Household & Personal Products,0.1,2.7,0.2,189.3,-0.2,19.1,-23.18,-7.44,-23.25,-18.99,15.8,45.71,0.08,0.24,,2.23,11.84,11.63,6.76,7.1,36.49,26.75,0.8894,0.3899,False,False,False
CME,Financial Services,Financial Data & Stock Exchanges,14.4,21.3,6.4,15.5,14.0,-2.4,-12.99,2.28,0.76,46.37,23.81,27.5,1.54,1.77,3.77,15.09,21.23,100.24,6.74,6.52,23.1,19.49,-0.3036,-0.2614,False,False,True
CMS,Utilities,Utilities - Regulated Electric,11.6,8.9,13.6,6.8,22.3,17.6,-5.56,1.54,8.41,28.6,20.55,21.95,3.02,3.23,2.45,4.8,13.88,22.6,8.82,8.54,17.72,15.49,0.1198,0.0245,False,False,False
KO,Consumer Defensive,Beverages - Non-Alcoholic,12.1,18.2,1.9,23.3,5.5,72.8,0.93,12.53,15.74,38.11,25.61,31.58,1.1,1.36,10.29,7.69,22.67,345.96,49.28,47.94,17.09,15.82,0.118,-0.0991,False,False,False
CTSH,Technology,Information Technology Services,5.8,3.6,7.0,-0.4,1.5,2.2,-14.6,-29.61,-31.82,-15.57,11.68,11.63,-29.2,-29.07,1.69,1.17,6.45,25.47,21.41,21.11,36.47,31.85,-0.0634,0.6144,False,True,False
COHR,Technology,Scientific & Technical Instruments,20.5,,23.4,-131.6,7.1,30.5,26.11,130.55,374.03,549.69,182.1,-57.54,-1.38,0.44,6.9,11.37,57.16,73.75,6.6,5.81,83.98,69.8,3.0929,2.9318,False,True,False
COIN,Financial Services,Financial Data & Stock Exchanges,-30.8,,9.4,-51.1,-20.7,-40.9,-1.61,-29.86,-26.76,-22.99,63.72,31.16,-1.25,-0.61,3.56,7.25,45.43,48.02,6.29,7.18,69.15,69.88,2.6405,3.3205,False,True,True
CL,Consumer Defensive,Household & Personal Products,8.4,-5.9,1.4,-26.2,1.8,-500.0,-5.21,16.08,1.82,5.16,35.39,26.12,-1.35,-1.0,506.41,3.86,16.31,73.35,20.8,20.38,22.67,20.71,0.6529,0.0544,True,True,True
CMCSA,Communication Services,Telecom Services,5.3,-32.6,-0.0,23.5,-2.6,0.3,-17.42,3.37,-18.25,-23.66,4.94,6.1,0.21,0.26,1.02,1.4,4.96,89.88,125.28,123.71,37.79,27.94,0.0704,0.198,True,False,False
FIX,Industrials,Engineering & Construction,1.0,38.8,29.5,95.7,8.3,12.0,29.11,93.18,288.3,452.43,53.42,104.54,0.56,1.09,101.07,6.68,39.02,65.27,10.14,9.1,53.74,53.09,2.5897,2.3413,False,False,False
CAG,Consumer Defensive,Packaged Foods,-1.9,39.0,-3.6,231.9,-6.4,-130.1,-28.48,-20.84,-35.87,-47.61,,,,,0.78,1.22,7.91,6.4,11.18,11.61,32.01,27.88,0.1139,-0.061,False,False,True
COP,Energy,Oil & Gas E&P,-5.3,-20.2,7.7,-13.6,17.7,51.4,-2.03,29.34,38.79,6.3,19.52,16.87,-1.44,-1.24,2.17,2.65,6.73,140.09,59.38,58.94,33.0,29.32,-1.2565,-0.2288,True,True,False
ED,Utilities,Utilities - Regulated Electric,6.2,12.9,10.9,11.2,27.6,211.1,-4.35,10.37,6.24,23.66,17.93,19.94,1.6,1.78,1.53,3.85,11.0,39.17,17.22,16.92,17.0,16.31,-0.1837,-0.3826,False,False,False
STZ,Consumer Defensive,Beverages - Brewers,-11.3,,-10.5,-2172.1,-13.6,-59.9,-8.61,4.45,-18.77,-38.96,14.79,-306.46,-0.01,0.14,3.04,3.93,10.6,24.48,9.14,9.14,31.13,30.08,0.1836,0.2086,False,True,True
CEG,Utilities,Utilities - Independent Power Producers,63.8,1091.0,8.3,-38.1,83.1,268.1,-12.23,-20.03,-5.13,31.26,24.85,15.38,-0.65,-0.4,3.1,4.2,15.75,103.41,29.87,25.53,50.85,46.21,0.9264,1.5316,False,True,False
COO,Healthcare,Medical Instruments & Supplies,6.2,26.9,5.1,-4.4,-3.8,54.6,-27.26,-21.15,-23.66,-33.0,30.22,28.89,-6.87,-6.57,1.42,3.51,13.24,11.91,4.15,4.09,24.45,32.93,0.9867,0.8574,False,True,False
CPRT,Industrials,Specialty Business Services,2.1,2.3,9.7,13.9,-2.9,-13.1,-13.13,-14.99,-35.28,-36.17,20.67,23.54,1.49,1.69,3.27,5.84,13.8,32.06,4.64,4.65,23.57,23.19,0.4075,0.4674,False,False,True
GLW,Technology,Electronic Components,20.0,138.9,19.1,215.4,-1.7,-31.3,,121.12,271.75,436.21,91.94,289.98,0.43,1.35,13.28,10.18,42.53,157.47,16.32,15.63,75.97,52.73,3.0615,2.1947,False,False,True
CPAY,Technology,Software - Infrastructure,25.4,49.1,13.9,6.6,1.0,32.4,6.13,18.94,6.91,33.47,21.1,22.49,3.2,3.41,6.64,6.55,12.28,23.03,4.78,4.53,40.15,37.58,0.9197,1.2467,False,False,False
CTVA,Basic Materials,Agricultural Inputs,11.0,12.1,2.9,20.6,25.4,-230.4,0.1,21.4,16.76,51.68,43.57,52.55,2.12,2.55,2.22,3.1,13.41,53.91,17.89,17.4,23.27,23.09,0.0971,0.2867,False,False,True
CSGP,Real Estate,Real Estate Services,22.5,,18.7,-95.0,-0.3,-93.5,-28.49,-52.51,-56.39,-59.69,461.43,23.07,-4.86,-0.24,1.66,3.86,48.41,13.19,3.41,3.25,37.04,38.51,0.0059,0.613,False,True,True
COST,Consumer Defensive,Discount Stores,21.5,45.5,8.2,9.9,3.4,1.7,-0.61,9.44,-0.79,24.73,52.08,57.24,5.26,5.78,26.7,1.54,32.66,441.52,286.27,275.24,20.11,19.06,-0.1718,0.0118,False,False,False
CRH,Basic Materials,Building Materials,9.1,,5.3,7.9,-21.7,-117.2,-8.66,-10.16,16.93,39.78,19.73,21.29,2.5,2.69,3.09,2.37,11.87,71.34,38.06,37.45,36.87,31.05,1.7699,1.4163,False,False,True
CRWD,Technology,Software - Infrastructure,23.3,,21.7,966.2,5.8,-274.7,74.35,33.1,46.25,91.98,,,,,38.39,34.46,-3553.26,170.79,4.81,4.81,48.46,43.38,0.5647,1.3548,False,False,True
CCI,Real Estate,REIT - Specialty,-4.8,,-4.4,-111.4,-5.7,-48.6,3.01,5.45,-4.95,3.65,38.27,-4.36,-0.34,0.04,,16.52,25.49,39.76,4.21,4.26,29.42,26.18,0.2706,0.3031,False,True,True
CSX,Industrials,Railroads,1.7,26.5,-3.1,-16.7,-0.7,12.1,,,48.02,41.96,28.81,24.0,-1.73,-1.44,6.27,7.31,15.62,85.12,14.15,14.09,26.96,22.34,0.8399,0.6639,False,True,False
CMI,Industrials,Specialty Industrial Machinery,2.7,-21.0,-1.3,-28.0,-1.6,10.3,15.58,35.65,109.13,152.98,34.72,25.0,-1.24,-0.89,7.47,2.9,19.65,92.27,33.89,33.67,39.81,32.3,1.9451,1.6261,True,True,False
CVS,Healthcare,Healthcare Plans,6.1,63.1,7.8,-61.7,-5.0,0.0,14.85,19.54,53.5,87.86,40.25,15.42,-0.65,-0.25,1.53,0.46,12.03,118.62,405.62,402.07,33.72,30.79,0.4403,0.2074,False,True,False
DHR,Healthcare,Diagnostics & Research,3.7,9.8,2.9,-7.3,-13.0,-14.0,-12.13,-19.13,-4.51,-28.6,33.57,31.12,-4.6,-4.26,2.41,5.72,17.88,127.84,24.78,24.57,29.25,27.64,0.9095,0.7573,False,True,True
DRI,Consumer Cyclical,Restaurants,5.9,-3.3,6.0,2.1,7.8,29.3,-1.82,19.34,-1.4,49.3,21.68,22.14,10.32,10.54,11.15,2.46,15.6,23.42,12.76,12.08,26.88,24.73,0.5947,0.4056,True,False,False
DDOG,Technology,Software - Application,32.2,104.0,27.7,-41.4,5.6,12.9,102.72,42.65,92.51,85.11,549.37,321.93,-13.27,-7.78,20.1,20.89,2214.35,80.18,3.67,3.43,78.08,63.28,0.4474,1.2462,False,True,False
DVA,Healthcare,Medical Care Facilities,6.0,43.5,6.5,-20.2,-5.6,-15.7,28.0,65.3,44.58,34.36,18.97,15.14,-0.94,-0.75,,1.95,9.67,12.65,13.84,13.64,53.42,42.7,0.6652,0.1356,False,True,True
DECK,Consumer Cyclical,Footwear & Accessories,9.6,-4.8,9.8,6.0,-42.8,-71.8,-0.17,24.22,6.56,-35.6,16.28,17.26,2.71,2.88,6.4,2.62,10.71,15.88,5.47,5.47,41.54,45.37,1.7999,1.2674,True,False,True
DE,Industrials,Farm & Heavy Construction Machinery,-11.1,-8.5,-11.6,-29.2,,-9.8,-14.31,15.88,8.46,51.84,30.57,21.64,-1.05,-0.74,5.31,3.91,21.5,145.59,47.34,44.66,30.97,29.14,0.8307,0.5775,True,True,True
DELL,Technology,Computer Hardware,39.5,57.3,18.8,29.3,23.6,45.9,107.12,141.82,183.26,82.76,35.23,45.55,1.2,1.55,,1.99,19.68,205.95,113.54,113.54,78.23,55.4,1.5958,1.8705,False,False,False
DAL,Industrials,Airlines,12.9,,2.8,44.8,-0.9,-123.7,28.73,29.28,72.12,69.28,12.04,17.43,0.27,0.39,2.65,1.08,9.04,54.2,65.18,63.36,45.3,41.33,1.8788,1.9917,False,False,True
DVN,Energy,Oil & Gas E&P,-0.8,-75.3,7.8,-8.6,-7.6,-78.6,-1.36,17.87,45.46,-0.95,12.32,11.26,-1.43,-1.31,1.78,2.15,5.11,50.88,16.0,17.19,37.25,33.63,-1.2496,-0.2848,True,True,True
DXCM,Healthcare,Medical Devices,15.0,92.2,15.6,45.1,-5.4,-25.4,-1.95,13.89,-14.75,-43.32,30.14,43.73,0.67,0.97,9.44,5.58,20.8,27.91,4.82,4.66,39.87,40.31,0.9416,0.9168,False,False,True
FANG,Energy,Oil & Gas E&P,4.2,-98.4,35.4,-50.1,26.0,-101.7,9.73,25.75,44.51,5.32,196.1,97.85,-3.91,-1.95,1.5,5.15,7.34,54.61,14.46,14.93,32.25,30.75,-1.0409,-0.2198,True,True,True
DLR,Real Estate,REIT - Specialty,16.7,67.6,10.0,117.2,0.0,81.7,7.86,24.23,14.37,43.65,50.78,110.29,0.43,0.94,2.95,13.78,30.12,68.47,6.31,6.11,21.59,22.1,1.013,0.8481,False,False,False
DG,Consumer Defensive,Discount Stores,5.9,121.9,5.2,34.4,2.5,50.8,-27.65,1.42,15.52,-17.39,15.22,20.46,0.44,0.59,2.84,0.91,11.73,24.2,42.72,42.72,38.59,37.85,1.0211,0.5683,False,False,False
DLTR,Consumer Defensive,Discount Stores,9.0,,10.4,-142.3,14.7,106.9,-5.74,2.83,24.75,-0.73,16.12,-6.82,-0.11,0.05,5.97,1.3,10.93,21.72,19.41,19.41,53.37,41.5,1.0642,0.8177,False,True,False
D,Utilities,Utilities - Regulated Electric,23.1,-10.2,14.2,47.4,22.6,9.5,,13.27,24.35,41.01,19.82,29.21,0.42,0.62,2.1,6.69,14.16,59.26,17.45,16.51,25.68,20.27,0.0786,-0.0257,True,False,False
DPZ,Consumer Cyclical,Restaurants,3.5,-4.6,5.0,3.0,-25.1,-23.0,-22.29,-26.11,-33.49,-37.25,17.95,18.49,5.98,6.16,,3.06,14.9,10.32,4.98,4.94,32.19,25.95,0.3116,0.2271,True,False,True
DASH,Consumer Cyclical,Internet Retail,33.1,-6.1,27.9,660.2,2.0,-13.6,-11.17,-23.78,-23.4,40.24,74.27,564.6,0.11,0.86,6.7,4.49,48.92,68.28,14.72,13.72,46.39,43.9,1.1774,1.3901,True,False,True
DOV,Industrials,Specialty Industrial Machinery,10.1,5.3,4.5,-59.4,-2.2,-15.5,,,19.56,19.61,26.66,10.82,-0.45,-0.18,3.82,3.65,16.22,28.62,8.28,8.09,27.78,23.97,1.1752,0.9834,False,True,True
DOW,Basic Materials,Chemicals,-6.1,,-7.0,-335.0,3.5,-65.5,,,28.94,-30.88,,,,,1.64,1.06,15.85,25.06,39.33,39.97,50.03,49.5,-1.2361,0.503,False,True,True
DHI,Consumer Cyclical,Residential Construction,-2.3,-13.2,-6.9,-24.6,9.7,8.9,-4.56,-6.09,25.67,6.2,13.87,10.46,-0.56,-0.43,1.77,1.41,11.0,41.66,33.35,34.25,35.64,38.93,1.3679,0.8163,True,True,False
DTE,Utilities,Utilities - Regulated Electric,15.8,-44.4,26.9,4.1,16.1,-33.1,-2.13,9.41,8.75,38.2,23.86,24.84,5.82,6.06,2.42,3.42,15.95,29.83,16.52,15.81,19.07,15.89,0.1442,0.105,True,False,True
DUK,Utilities,Utilities - Regulated Electric,11.3,12.0,6.2,9.8,15.6,30.9,-5.17,4.26,10.94,32.36,19.28,21.17,1.97,2.16,1.8,5.76,11.44,96.48,32.72,32.24,15.62,14.33,-0.1016,-0.2084,False,False,False
DD,Basic Materials,Specialty Chemicals,4.3,,1.9,-210.8,-189.8,-227.8,-3.51,,69.37,46.48,125.55,-139.11,-0.6,0.66,1.39,3.22,14.34,19.33,6.92,6.85,35.81,30.7,1.5786,1.2971,False,True,True
ETN,Industrials,Specialty Industrial Machinery,16.8,-9.4,10.3,7.7,5.6,-23.5,7.13,19.02,25.18,23.78,39.41,42.44,5.12,5.51,7.91,6.21,27.94,156.07,28.52,27.45,38.76,31.99,1.4773,1.5443,True,False,True
EBAY,Consumer Cyclical,Internet Retail,19.5,7.1,7.9,2.8,4.2,-3.0,26.72,,56.32,122.35,25.9,26.63,9.25,9.51,11.34,4.58,17.82,49.79,11.6,11.1,33.56,38.61,0.6626,0.7979,False,False,True
SATS,Communication Services,Telecom Services,-5.2,,-5.2,12026.9,-3.4,-87.8,10.44,79.55,549.83,624.14,,,,,6.73,4.44,41.42,37.99,14.8,15.0,57.89,108.51,1.3529,1.727,False,False,True
ECL,Basic Materials,Specialty Chemicals,10.0,7.8,2.2,-1.7,-3.1,-23.3,-14.01,-4.1,-0.51,17.43,35.6,34.99,-20.94,-20.58,7.32,4.99,20.3,73.24,16.45,16.08,24.3,20.23,0.9378,0.6674,False,True,True
EIX,Utilities,Utilities - Regulated Electric,7.7,-63.2,9.8,204.1,-21.3,-70.4,-4.42,24.16,33.24,6.26,7.79,23.69,0.04,0.12,1.57,3.63,8.31,27.04,19.61,19.32,22.57,25.84,0.3546,0.3293,True,False,True
EW,Healthcare,Medical Devices,16.7,8.2,11.5,-74.3,5.0,317.4,-1.4,0.81,10.59,-1.23,46.72,12.01,-0.63,-0.16,4.8,7.38,24.44,49.5,6.3,6.07,28.84,23.85,0.905,0.6399,False,True,False
EA,Communication Services,Electronic Gaming & Multimedia,11.9,85.3,0.9,-20.9,11.5,423.9,0.14,-0.44,,53.81,57.14,45.2,-2.73,-2.16,7.46,6.55,33.21,50.44,7.53,7.53,5.07,21.49,0.0979,0.216,False,True,False
ELV,Healthcare,Healthcare Plans,2.6,-16.8,12.6,-5.3,0.9,222.5,34.38,20.48,5.42,-19.51,16.59,15.71,-3.13,-2.96,1.94,0.4,9.39,85.29,200.42,199.12,32.56,38.27,0.3466,0.386,True,True,False
EME,Industrials,Engineering & Construction,19.7,30.0,16.6,26.4,2.6,-29.7,15.37,39.75,81.54,116.32,28.73,36.31,1.09,1.38,9.75,2.1,20.16,37.78,17.75,16.99,35.87,38.0,1.4951,1.6922,False,False,True
EMR,Industrials,Specialty Industrial Machinery,2.9,27.9,3.0,16.5,5.0,2.1,-6.39,8.31,20.16,32.24,32.82,38.24,1.99,2.32,3.91,5.01,15.61,79.42,18.32,18.02,36.54,29.93,1.9593,1.608,False,False,False
ETR,Utilities,Utilities - Regulated Electric,12.0,1.2,9.0,67.1,7.7,62.5,3.37,17.29,36.51,117.62,27.89,46.6,0.42,0.69,2.89,6.09,14.75,50.19,13.29,12.95,24.86,19.41,0.1237,0.335,False,False,False
EOG,Energy,Oil & Gas E&P,15.6,39.6,-3.4,-22.2,19.5,182.5,5.42,24.8,26.84,17.84,13.21,10.28,-0.6,-0.46,2.33,3.23,6.05,71.68,23.57,22.58,30.44,26.18,-1.1646,-0.3169,False,True,False
EPAM,Technology,Information Technology Services,7.6,18.8,15.4,-16.9,-0.5,-24.5,-27.11,-46.73,-41.63,-43.15,14.59,12.12,-0.86,-0.72,1.56,0.82,6.22,5.3,5.56,5.46,37.79,43.79,-0.2621,1.0186,False,True,True
EQT,Energy,Oil & Gas E&P,49.9,490.0,60.0,784.4,59.1,119.6,-9.95,-8.03,1.14,39.74,10.5,92.86,0.01,0.12,1.38,4.69,5.73,34.62,9.36,8.35,28.05,32.75,-0.2243,0.171,False,False,False
EFX,Industrials,Consulting Services,14.3,34.0,6.9,9.3,6.3,-2.4,-20.76,-21.1,-37.06,-27.83,28.79,31.47,3.1,3.38,4.3,3.94,12.84,19.76,6.28,6.07,34.74,35.04,0.6171,0.8319,False,False,True
EQIX,Real Estate,REIT - Specialty,12.1,20.0,5.4,65.6,1.0,56.6,11.24,47.36,23.25,46.88,74.06,122.64,1.13,1.87,7.38,13.38,29.77,105.47,9.53,9.22,17.8,26.06,0.5898,0.4522,False,False,False
EQR,Real Estate,REIT - Residential,2.5,-64.6,3.8,8.1,-0.3,-76.4,6.23,10.36,-1.07,13.43,26.72,28.88,3.3,3.57,2.27,10.86,17.86,25.6,3.11,3.09,20.03,19.94,0.3087,0.312,True,False,True
ERIE,Financial Services,Insurance Brokers,2.3,8.7,7.4,-6.8,269.9,137.4,-17.73,-24.91,-37.53,-38.79,20.22,18.85,-2.97,-2.77,4.85,2.73,13.51,11.41,4.09,4.15,33.93,29.99,-0.0037,-0.0227,False,True,False
ESS,Real Estate,REIT - Residential,6.4,-47.8,6.4,-9.7,1.1,31.8,9.14,8.44,1.93,17.67,31.17,28.15,-3.21,-2.9,3.27,12.6,19.37,19.05,1.97,1.89,19.33,20.75,0.3404,0.3552,True,True,False
EL,Consumer Defensive,Household & Personal Products,4.6,-45.5,-8.2,-390.5,-12.2,-45.1,,,34.44,-22.34,,,,,8.23,2.63,16.62,32.88,14.83,14.33,56.8,48.26,1.7489,1.7016,True,True,True
EG,Financial Services,Insurance - Reinsurance,-4.7,230.7,0.8,15.9,-8.6,46.4,-1.27,7.44,,-10.45,6.99,8.1,0.44,0.51,0.87,0.76,,13.19,17.34,17.22,20.06,22.98,0.3748,0.2746,False,False,False
EVRG,Utilities,Utilities - Regulated Electric,5.0,18.5,2.0,-2.0,7.7,79.7,0.28,11.56,29.58,70.21,22.39,21.94,-11.2,-10.97,1.88,5.8,12.56,19.1,6.03,5.96,17.49,15.67,0.1102,0.0778,False,True,False
ES,Utilities,Utilities - Regulated Electric,9.4,7.4,13.8,108.5,33.7,44.0,-5.07,7.35,12.74,33.45,14.89,31.05,0.14,0.29,1.57,4.03,11.47,25.98,13.93,13.55,22.1,24.01,0.3611,0.2517,False,False,False
EXC,Utilities,Utilities - Regulated Electric,7.9,-0.3,5.3,12.5,33.8,54.7,-7.3,0.61,7.06,34.37,16.94,19.06,1.36,1.52,1.59,3.92,11.78,46.64,24.79,24.26,19.57,18.07,-0.0719,-0.1107,True,False,False
EXE,Energy,Oil & Gas E&P,41.0,,188.8,-354.8,31.7,109.6,-12.74,-22.13,-16.5,10.86,6.89,-17.56,-0.02,0.05,1.15,1.95,3.4,22.39,12.96,12.19,27.48,31.87,-0.3445,0.0498,False,True,False
EXPE,Consumer Cyclical,Travel Services,14.7,,7.6,4.9,-3.4,-102.9,6.94,-11.94,38.16,108.46,20.0,20.98,4.08,4.28,47.41,1.81,10.58,27.31,15.17,14.73,49.25,46.56,0.6663,1.3513,False,False,True
EXPD,Industrials,Integrated Freight & Logistics,4.4,16.3,4.4,0.0,-2.6,14.4,9.15,8.54,42.05,38.22,26.1,26.1,,,9.19,1.79,17.62,20.79,11.19,11.07,28.64,30.37,0.0907,0.5717,False,False,False
EXR,Real Estate,REIT - Industrial,3.8,-10.6,3.7,14.0,-0.2,-16.2,-3.37,13.16,1.2,14.88,32.47,37.02,2.32,2.64,2.31,13.08,19.91,32.18,3.48,3.38,24.08,24.61,0.9857,0.5333,True,False,True
XOM,Energy,Oil & Gas Integrated,2.6,-43.4,-4.5,-14.4,3.9,-35.7,-4.06,27.71,47.67,38.11,24.7,21.14,-1.72,-1.47,2.37,2.01,11.7,609.14,326.01,323.9,30.48,24.35,-1.1153,-0.3903,True,True,True
FFIV,Technology,Software - Infrastructure,11.0,4.0,9.7,22.2,-1.3,-17.9,37.92,60.72,36.65,127.92,31.85,38.92,1.43,1.75,6.16,6.34,22.64,21.63,3.22,3.09,33.73,33.11,0.5476,1.0132,False,False,True
FDS,Financial Services,Financial Data & Stock Exchanges,7.1,-4.5,5.4,11.2,0.6,-12.8,,,-47.94,-41.42,15.38,17.1,1.37,1.53,4.11,4.15,10.96,8.7,2.4,2.32,43.71,39.39,-0.0711,0.295,True,False,True
FICO,Technology,Software - Application,38.7,69.0,15.9,27.1,35.1,67.0,-7.9,-26.7,-23.06,-4.42,40.49,51.46,1.49,1.9,,14.85,28.8,30.06,2.26,1.99,63.1,49.87,0.5613,0.8057,False,False,False
FAST,Industrials,Industrial Distribution,12.4,13.8,8.7,9.4,8.6,15.6,-2.87,12.7,10.92,44.96,39.61,43.33,4.21,4.61,12.88,6.1,27.28,51.39,8.44,8.2,26.92,24.58,0.729,0.6447,False,False,False
FRT,Real Estate,REIT - Retail,10.3,152.5,6.4,39.2,1.5,22.6,10.86,25.82,31.88,35.06,20.97,29.19,0.53,0.74,3.32,11.95,18.75,10.52,1.31,1.28,17.68,17.1,0.5097,0.4056,False,False,False
FDX,Industrials,Integrated Freight & Logistics,8.3,17.3,0.3,-5.5,2.3,10.5,6.67,51.89,90.93,75.17,21.98,20.77,-4.0,-3.78,3.3,1.44,11.42,98.16,91.93,87.93,34.43,28.11,1.2169,1.0016,False,True,False
FIS,Technology,Information Technology Services,30.1,3040.6,5.4,-73.7,17.2,363.9,-14.83,-35.28,-44.67,-40.75,8.18,2.15,-0.11,-0.03,1.37,3.69,12.76,21.82,11.44,10.68,34.71,29.7,-0.047,0.6055,False,True,False
FITB,Financial Services,Banks - Regional,33.0,-78.9,6.6,9.0,24.5,-77.4,0.98,15.96,34.84,47.83,16.79,18.3,1.87,2.03,1.42,6.87,,45.21,9.0,8.82,26.88,25.22,1.0363,1.0359,True,False,True
FSLR,Technology,Solar,23.6,65.1,24.1,18.3,-37.9,-33.5,51.8,15.12,94.54,9.05,17.67,20.9,0.97,1.14,3.3,5.68,13.54,32.6,5.42,5.22,48.64,56.89,1.5051,1.3753,False,False,True
FE,Utilities,Utilities - Regulated Electric,11.6,12.9,12.0,4.3,10.7,-500.0,-8.46,1.47,15.27,30.03,25.38,26.47,5.9,6.16,2.11,3.66,10.87,26.72,15.34,15.09,17.17,14.8,0.0415,-0.0221,False,False,True
FISV,,,,,3.6,11.1,-4.9,-29.6,-9.73,-10.94,-65.02,-62.23,9.43,10.48,0.85,0.94,1.14,,,29.77,,21.19,35.28,55.71,0.5294,0.8661,False,False,True
F,Consumer Cyclical,Auto Manufacturers,6.4,430.8,1.2,-239.2,-5.7,-123.0,25.91,29.5,70.95,63.0,,,,,1.77,1.07,26.93,66.35,189.86,187.27,51.53,36.57,1.8103,1.2952,False,True,True
FTNT,Technology,Software - Infrastructure,20.1,28.6,14.2,6.2,-2.9,5.6,63.8,58.52,27.11,117.14,49.5,52.57,7.98,8.48,96.22,12.98,39.09,95.02,7.11,6.8,52.43,44.03,0.3035,1.0041,False,False,False
FTV,Technology,Scientific & Technical Instruments,7.7,-12.4,1.9,-30.5,-4.7,-26.5,1.12,,10.99,8.43,35.22,24.48,-1.15,-0.8,2.97,5.02,17.87,18.04,4.24,4.16,22.78,25.69,0.6916,0.7369,True,True,True
FOXA,Communication Services,Entertainment,-8.6,-49.3,16.6,50.8,-22.9,-27.5,16.49,-0.36,21.38,98.82,17.23,25.98,0.34,0.51,2.53,1.96,8.97,27.66,16.2,16.3,25.77,27.82,0.1586,0.4581,True,False,True
FOX,Communication Services,Entertainment,-8.6,-49.3,16.6,50.8,-22.9,-27.5,14.54,0.35,19.29,93.76,15.42,23.25,0.3,0.46,2.27,1.79,8.19,24.89,16.2,16.3,25.21,27.39,0.1561,0.4295,True,False,True
BEN,Financial Services,Asset Management,8.7,87.2,3.5,12.9,-1.4,5.0,17.28,42.42,51.36,54.26,24.19,27.31,1.88,2.12,1.34,2.17,10.95,16.22,9.03,8.77,34.1,27.03,1.6141,1.3409,False,False,False
FCX,Basic Materials,Copper,8.8,153.1,1.8,16.7,10.7,117.0,-3.33,53.66,70.73,28.09,33.61,39.22,2.01,2.35,4.85,4.29,11.59,94.69,26.42,25.91,55.6,47.3,2.7866,2.0705,False,False,False
GRMN,Technology,Scientific & Technical Instruments,14.2,21.5,15.1,17.9,-17.5,-23.4,-7.02,21.02,18.44,50.99,26.53,31.28,1.48,1.75,4.92,5.77,19.89,45.58,7.46,7.25,29.72,29.94,1.2674,1.3279,False,False,True
IT,Technology,Information Technology Services,-1.5,17.3,3.7,-41.8,-13.8,-8.2,1.2,-30.16,-63.0,-62.32,15.8,9.2,-0.38,-0.22,172.57,1.93,9.33,10.79,6.47,6.5,43.12,51.01,-0.377,0.8557,False,True,True
GE,Industrials,Aerospace & Defense,24.7,-1.8,18.5,32.8,-2.6,-25.1,-7.07,11.51,32.09,98.46,39.36,52.27,1.2,1.59,18.01,7.16,31.32,335.2,48.31,45.85,42.12,31.09,1.9162,1.2921,True,False,True
GEHC,Healthcare,Medical Devices,7.4,-30.9,4.8,4.6,-10.0,-34.0,-21.54,-20.6,-11.96,-19.6,15.33,16.04,3.33,3.49,2.68,1.77,10.54,28.59,20.98,20.62,41.95,32.09,1.6683,1.275,True,False,True
GEV,Industrials,Specialty Industrial Machinery,16.3,1816.5,9.0,214.7,-14.8,29.5,13.1,72.88,111.85,463.78,29.07,91.48,0.14,0.43,19.22,6.67,76.95,267.65,39.37,38.07,50.68,48.61,2.0632,1.9614,False,False,False
GEN,Technology,Software - Infrastructure,27.0,265.2,27.1,51.3,3.5,166.7,10.43,-5.58,-10.61,4.02,15.64,23.66,0.3,0.46,5.62,4.53,9.48,14.79,5.0,5.0,43.01,31.88,0.8671,1.0401,False,False,False
GNRC,Industrials,Specialty Industrial Machinery,12.4,69.9,-2.0,-50.9,-2.9,-399.4,21.3,87.27,124.86,86.94,87.6,43.01,-1.72,-0.84,6.14,4.06,33.33,16.45,4.33,4.21,54.92,52.25,1.8994,1.7895,False,True,True
GD,Industrials,Aerospace & Defense,10.3,12.0,10.1,11.3,-6.2,-1.6,-3.89,5.91,29.13,23.61,21.55,23.99,1.91,2.12,3.61,1.87,15.48,94.37,53.81,52.55,24.66,20.84,0.3389,0.5165,False,False,True
GIS,Consumer Defensive,Packaged Foods,2.2,-14.5,-1.9,-8.1,-8.7,-26.6,-23.62,-25.75,-33.67,-44.04,8.23,7.56,-1.02,-0.93,3.27,1.13,6.28,18.09,18.37,19.49,22.99,23.52,0.0955,-0.1808,True,True,True
GM,Consumer Cyclical,Auto Manufacturers,-0.9,-15.8,-1.3,-55.1,-3.7,-179.4,8.73,16.13,75.36,101.82,30.78,13.82,-0.56,-0.25,1.21,0.99,9.97,76.06,184.62,185.02,34.15,34.94,1.4196,1.1387,True,True,True
GPC,Consumer Cyclical,Auto Parts,6.8,-2.1,3.5,-92.7,4.3,-130.9,-15.5,-22.3,-18.85,-24.07,220.58,16.1,-2.38,-0.17,3.05,0.81,9.78,13.81,24.7,24.3,29.81,28.9,0.863,0.6846,True,True,True
GILD,Healthcare,Drug Manufacturers - General,4.4,54.8,2.4,1672.9,-12.2,-7.4,-8.69,10.91,25.86,128.49,18.19,322.49,0.01,0.19,7.19,6.1,12.31,169.13,29.74,29.44,22.29,26.13,0.7177,0.5074,False,False,True
GPN,Industrials,Specialty Business Services,63.1,,-0.4,-10.8,53.6,-500.0,-4.75,-2.39,-1.29,-24.75,27.19,24.25,-2.52,-2.25,0.85,4.39,9.91,20.23,8.86,7.71,36.44,38.33,1.183,1.3295,False,True,True
GL,Financial Services,Insurance - Life,5.4,12.6,3.7,8.4,2.6,1.7,5.35,16.54,28.21,90.08,10.69,11.59,1.27,1.38,1.97,2.43,9.01,11.94,6.07,5.99,20.11,21.01,0.7055,0.511,False,False,False
GDDY,Technology,Software - Infrastructure,6.1,6.0,8.3,-6.6,-0.5,-12.4,-2.63,-32.86,-52.46,-38.36,13.85,12.94,-2.1,-1.96,48.02,2.77,10.61,11.37,5.02,4.95,37.96,35.78,-0.003,0.4083,False,True,True
GS,Financial Services,Capital Markets,14.5,24.2,8.9,20.3,28.0,21.9,17.02,25.63,70.17,130.1,18.21,21.91,0.9,1.08,2.83,0.35,,297.48,61.53,58.28,32.78,27.07,1.5236,1.534,False,False,False
HAL,Energy,Oil & Gas Equipment & Services,-0.3,133.5,-3.3,-48.7,-4.5,-21.7,9.87,49.35,101.24,15.49,21.85,11.21,-0.45,-0.23,3.05,1.76,9.45,32.86,22.17,22.18,32.31,36.71,-0.343,0.319,False,True,True
HIG,Financial Services,Insurance - Diversified,6.1,41.4,6.4,23.3,-0.4,-24.3,-9.09,-4.41,0.68,33.74,9.27,11.43,0.4,0.49,1.91,1.24,6.46,35.35,28.79,28.07,19.59,18.45,0.3652,0.2442,False,False,True
HAS,Consumer Cyclical,Leisure,12.7,98.6,13.7,-183.6,-30.8,-1.6,-12.79,5.18,32.57,53.52,,,,,18.86,3.07,11.62,12.22,4.81,4.7,36.41,28.94,0.8194,0.9848,False,True,True
HCA,Healthcare,Medical Care Facilities,4.3,10.9,7.1,17.8,-2.1,-13.7,-27.76,-23.35,2.2,19.98,13.25,15.61,0.74,0.88,,1.8,8.83,85.27,76.39,75.6,28.56,26.86,0.601,0.261,False,False,True
DOC,Real Estate,REIT - Healthcare Facilities,7.1,363.9,4.5,-70.7,4.7,69.9,12.58,11.13,19.4,16.51,62.94,18.44,-0.89,-0.26,1.73,8.43,15.69,13.45,2.87,2.82,42.13,29.13,1.0161,0.6345,False,True,False
HSIC,Healthcare,Medical Distribution,6.3,4.5,4.0,2.1,-2.0,5.9,-6.21,4.39,6.03,8.81,22.85,23.33,10.88,11.11,2.67,1.04,13.23,8.69,13.38,13.18,24.86,27.54,0.8406,0.7139,False,False,False
HSY,Consumer Defensive,Confectioners,10.6,93.6,4.4,-60.2,0.4,36.0,-15.76,7.98,25.8,8.26,36.9,14.69,-0.61,-0.24,8.44,3.73,19.8,39.97,11.99,11.69,25.6,26.93,0.0702,-0.0031,False,True,False
HPE,Technology,Communication Equipment,18.4,-30.3,13.8,-97.8,-3.9,158.3,73.77,76.33,121.96,121.49,,,,,2.05,1.89,13.82,50.7,35.74,34.3,49.86,41.24,1.512,1.8245,True,True,False
HLT,Consumer Cyclical,Lodging,11.0,35.0,7.7,-5.1,-4.9,29.6,,19.37,36.25,72.58,51.38,48.76,-10.07,-9.56,,17.62,29.76,76.84,5.07,12.04,27.53,22.86,1.2228,0.8847,False,True,False
HD,Consumer Cyclical,Home Improvement Retail,4.8,-4.3,3.2,-4.4,,-4.2,-12.8,-8.92,-10.58,3.56,22.57,21.58,-5.13,-4.9,23.01,2.29,15.27,320.28,166.59,164.68,28.25,23.43,1.2105,0.7813,True,True,True
HON,Industrials,Conglomerates,2.4,-41.9,7.8,-17.1,33.3,-500.0,,23.77,12.18,30.88,37.28,30.91,-2.18,-1.81,10.86,4.62,20.42,147.64,37.66,37.44,24.9,21.93,0.9667,0.7369,True,True,True
HRL,Consumer Defensive,Packaged Foods,-2.9,-5.1,1.6,-40.6,-5.0,-423.9,-3.6,4.0,-18.47,-24.58,23.59,14.01,-0.58,-0.35,1.64,0.92,9.25,12.98,12.14,12.11,34.53,29.58,0.2778,0.0952,True,True,True
HST,Real Estate,REIT - Hotel & Motel,2.8,105.3,7.6,9.8,2.6,265.9,19.43,36.68,58.77,45.73,15.95,17.51,1.63,1.79,2.34,3.25,12.03,16.15,6.18,6.11,25.9,24.32,1.0572,0.9366,False,False,False
HWM,Industrials,Aerospace & Defense,19.1,71.4,11.1,30.6,6.7,55.9,-1.93,30.9,53.14,210.77,59.88,78.2,1.96,2.56,18.87,12.34,41.55,103.98,8.62,8.25,37.36,30.58,1.6137,1.0915,False,False,False
HPQ,Technology,Computer Hardware,6.9,-1.7,3.2,-8.9,-1.4,-31.4,35.91,5.45,5.31,-17.1,9.66,8.8,-1.09,-0.99,,0.55,6.98,22.87,56.23,55.3,48.98,37.58,0.187,0.9568,True,True,True
HUBB,Industrials,Electrical Equipment & Parts,11.1,12.5,3.8,13.9,1.6,-18.9,,,20.88,24.83,28.65,32.63,2.06,2.35,6.65,4.55,18.6,25.04,6.0,5.84,34.98,28.49,1.0348,1.2567,False,False,True
HUM,Healthcare,Healthcare Plans,23.5,-4.6,10.1,-1.6,21.9,-249.0,65.67,28.53,36.29,-8.1,32.67,32.15,-20.42,-20.09,1.99,0.21,8.79,37.06,137.2,129.66,43.65,48.51,0.6739,0.5208,True,True,True
HBAN,Financial Services,Banks - Regional,33.6,-26.5,10.1,14.0,20.3,0.8,-4.04,-0.68,6.49,29.72,12.31,14.03,0.88,1.0,1.1,4.74,,32.68,8.3,8.13,24.52,25.72,1.0064,1.0011,True,False,False
HII,Industrials,Aerospace & Defense,13.4,0.0,8.2,10.0,-10.8,-6.3,,,46.14,34.9,20.62,22.68,2.06,2.27,2.46,1.2,13.54,12.64,12.85,12.48,35.94,34.33,0.5259,0.7131,False,False,True
IBM,Technology,Information Technology Services,9.5,14.2,7.6,75.9,-19.1,-78.3,11.19,-12.43,4.75,67.13,22.58,39.72,0.3,0.52,7.53,4.45,18.45,248.34,68.91,67.54,40.63,35.45,0.4908,1.0055,False,False,True
IEX,Industrials,Specialty Industrial Machinery,8.9,27.8,5.8,-4.3,-1.4,-6.5,-0.36,21.13,17.09,4.29,31.35,30.0,-7.29,-6.98,3.85,4.78,17.71,15.55,3.53,3.46,25.53,25.71,1.0154,0.8584,False,True,True
IDXX,Healthcare,Diagnostics & Research,14.3,17.2,10.4,19.3,4.6,12.2,-10.79,-22.08,10.18,13.98,40.49,48.3,2.1,2.5,28.2,10.28,29.57,44.81,4.45,4.3,30.61,41.45,1.181,1.3634,False,False,False
ITW,Industrials,Specialty Industrial Machinery,4.6,11.8,0.9,-12.1,-1.9,-2.8,-13.72,2.16,4.16,11.52,23.27,20.45,-1.92,-1.69,22.34,4.94,16.95,71.82,16.22,16.04,21.71,20.31,0.8995,0.6199,False,True,True
INCY,Healthcare,Biotechnology,20.9,83.8,21.2,3845.0,-15.5,1.4,-2.54,-4.45,47.64,71.29,13.77,543.23,0.0,0.14,3.47,2.89,10.01,19.48,5.36,5.14,24.46,32.29,1.0062,0.8774,False,False,False
IR,Industrials,Specialty Industrial Machinery,7.6,6.5,5.7,-30.7,-11.7,-27.8,-24.42,-10.31,-13.5,-21.92,47.97,33.24,-1.56,-1.08,2.73,4.05,15.58,27.78,7.78,7.65,36.56,32.84,1.723,1.4954,False,True,True
PODD,Healthcare,Medical Devices,33.9,159.0,30.7,-40.9,-2.8,-10.3,-41.88,-54.11,-55.95,-17.18,34.21,20.22,-0.84,-0.49,6.63,3.59,17.3,9.88,2.9,2.71,48.53,36.93,0.4311,0.533,False,True,True
INTC,Technology,Semiconductors,7.2,,-0.5,-98.6,-0.7,500.0,165.69,202.15,496.99,303.77,,,,,5.45,11.78,44.69,607.59,53.76,52.85,87.62,71.73,3.2229,2.4401,False,True,False
IBKR,Financial Services,Capital Markets,16.8,22.9,9.7,30.3,-3.4,-6.0,,30.94,59.65,162.85,35.67,46.48,1.18,1.53,6.63,-6.13,,141.29,6.45,10.22,38.78,37.15,2.1244,2.0004,False,False,True
ICE,Financial Services,Financial Data & Stock Exchanges,20.4,79.7,7.5,20.4,16.7,66.0,-9.71,-4.92,-15.96,15.06,21.59,25.99,1.06,1.27,2.85,9.97,15.71,83.87,10.44,12.64,21.64,21.35,0.1876,0.3521,False,False,False
IFF,Basic Materials,Specialty Chemicals,-3.6,,-5.2,-237.3,5.9,445.2,-2.8,14.01,5.05,-14.1,24.16,-33.17,-0.1,0.14,1.41,2.4,13.76,19.92,10.79,10.89,49.7,33.66,1.6673,0.8365,False,True,False
IP,Consumer Cyclical,Packaging & Containers,13.4,,49.3,-731.2,-0.6,-102.5,-21.15,-12.85,-27.18,-18.46,,,,,1.19,1.07,6.53,17.64,24.34,23.63,48.97,40.73,1.4738,1.1463,False,True,True
INTU,Technology,Software - Application,10.4,10.7,15.6,30.6,84.0,342.1,-25.08,-50.2,-58.33,-46.92,18.76,24.5,0.61,0.8,4.56,4.1,13.38,85.62,20.92,18.83,62.9,42.11,-0.3874,0.4433,False,False,False
ISRG,Healthcare,Medical Instruments & Supplies,23.0,18.8,20.5,23.0,-3.3,3.4,-14.63,-25.33,-23.77,6.33,50.73,62.4,2.21,2.71,8.59,13.76,37.48,150.03,10.58,10.06,32.15,30.7,0.9935,0.9552,False,False,False
IVZ,Financial Services,Asset Management,14.1,35.0,5.1,-136.4,3.1,-125.3,8.23,15.6,96.9,101.39,,,,,1.28,2.6,12.89,12.44,6.59,6.38,34.72,34.6,1.6377,1.6808,False,True,True
INVH,Real Estate,REIT - Residential,9.2,-3.7,4.2,29.5,7.1,11.0,13.72,8.2,-8.54,-6.22,30.93,40.05,1.05,1.36,1.92,9.43,17.56,17.45,2.78,2.73,20.69,20.62,0.436,0.273,True,False,False
IQV,Healthcare,Diagnostics & Research,8.4,15.0,5.9,-0.9,-4.9,-46.7,3.91,-20.74,28.41,-19.52,22.5,22.3,-25.0,-24.78,4.86,2.67,14.82,30.22,16.63,16.31,43.8,41.72,0.9729,1.2435,False,True,True
IRM,Real Estate,REIT - Specialty,21.6,860.0,12.2,-19.7,5.0,60.9,15.89,55.99,34.23,72.42,139.37,111.91,-7.07,-5.68,,7.94,23.49,37.74,7.25,6.9,34.41,31.54,1.4271,1.1859,False,True,False
JBHT,Industrials,Integrated Freight & Logistics,4.6,27.4,-0.7,4.8,-1.3,-21.8,17.65,52.21,96.54,79.82,41.99,44.01,8.75,9.17,7.15,2.25,16.95,25.7,12.13,12.0,36.3,38.04,1.2216,0.9241,False,False,True
JBL,Technology,Electronic Components,23.1,96.2,3.2,-52.7,-0.3,52.7,39.26,73.27,116.03,211.07,50.02,23.66,-0.95,-0.45,28.63,1.25,17.24,38.37,32.67,29.8,49.07,41.29,2.3707,1.9595,False,True,False
JKHY,Technology,Information Technology Services,8.7,12.5,7.2,19.4,2.7,-1.4,-16.74,-21.26,-23.55,-13.68,19.05,22.75,0.98,1.17,4.54,3.89,13.69,9.68,2.52,2.38,26.79,24.18,-0.301,0.1069,False,False,True
J,Industrials,Engineering & Construction,27.0,,4.6,-64.1,12.2,-136.6,-14.16,-9.71,-4.62,9.33,35.2,12.64,-0.55,-0.2,4.27,1.31,16.8,14.05,13.17,12.03,33.85,31.27,0.6397,1.0873,False,True,True
JNJ,Healthcare,Drug Manufacturers - General,9.9,-52.9,6.0,90.6,-2.0,2.3,-6.61,13.65,54.03,69.12,26.81,51.1,0.3,0.56,6.84,6.11,17.15,555.59,96.36,94.19,16.86,16.53,0.2717,0.0543,True,False,False
JCI,Industrials,Building Products & Equipment,8.2,38.9,2.8,93.0,6.0,17.0,-6.11,18.82,34.19,96.56,41.51,80.11,0.45,0.86,6.15,3.76,21.28,83.07,24.43,23.6,30.81,26.35,1.3533,0.9867,False,False,False
JPM,Financial Services,Banks - Diversified,12.7,17.2,7.3,-2.4,8.8,26.6,0.23,-3.02,14.42,56.23,14.2,13.86,-5.92,-5.78,2.31,3.19,,795.09,173.56,181.85,21.39,21.41,0.8423,1.0171,False,True,False
KVUE,Consumer Defensive,Household & Personal Products,4.5,46.9,-2.1,42.7,3.4,43.6,-5.49,4.86,-21.71,1.51,21.0,29.97,0.49,0.7,3.19,2.72,11.99,33.87,15.29,15.12,19.74,32.6,0.5996,0.3028,False,False,False
KDP,Consumer Defensive,Beverages - Non-Alcoholic,9.4,-47.7,8.2,44.3,-11.6,-23.5,1.12,8.47,-7.18,-5.29,22.25,32.11,0.5,0.72,1.62,4.56,17.38,40.87,16.94,16.6,26.55,27.78,0.2395,0.1321,True,False,True
KEY,Financial Services,Banks - Regional,11.8,33.3,65.7,-1236.0,-1.4,2.4,3.07,17.03,38.08,66.05,13.17,-149.61,-0.01,0.12,1.33,5.7,,23.14,7.2,7.29,23.4,23.75,0.8818,1.036,False,True,False
KEYS,Technology,Scientific & Technical Instruments,31.5,35.6,8.0,38.4,,35.8,8.25,71.68,113.75,143.45,55.87,77.32,1.45,2.01,9.16,9.58,38.33,57.9,6.09,5.38,38.43,38.44,1.735,1.7867,False,False,False
KMB,Consumer Defensive,Household & Personal Products,2.7,17.9,-2.1,-20.6,2.0,33.3,-7.62,-5.46,-27.28,-15.48,19.37,15.38,-0.94,-0.75,18.51,2.41,11.91,33.24,16.56,16.45,23.91,24.74,0.7189,0.1129,False,True,False
KIM,Real Estate,REIT - Retail,4.0,29.4,5.1,42.3,2.9,9.1,3.74,20.82,18.67,44.9,28.1,39.99,0.66,0.95,1.57,11.38,18.75,16.3,2.16,2.14,16.01,17.8,0.4807,0.4136,False,False,False
KMI,Energy,Oil & Gas Midstream,13.8,36.0,12.2,17.0,7.1,-2.0,-4.97,19.16,19.03,84.08,21.42,25.06,1.26,1.47,2.27,5.96,14.04,70.99,17.52,16.94,21.1,20.24,-0.1167,-0.0073,False,False,True
KKR,Financial Services,Asset Management,-6.6,,-11.2,-22.9,-25.2,-64.6,3.98,-22.75,-22.62,-7.76,31.98,24.66,-1.4,-1.08,2.99,5.83,,87.68,25.35,19.21,37.8,36.7,1.038,1.6396,False,True,True
KLAC,Technology,Semiconductor Equipment & Materials,11.5,11.8,23.9,47.1,3.6,4.8,25.74,67.01,150.66,153.52,55.55,81.71,1.18,1.73,43.21,19.32,43.24,251.8,13.1,12.16,51.85,45.64,2.5165,2.3286,False,False,False
KHC,Consumer Defensive,Packaged Foods,0.8,13.6,-3.5,-313.0,-4.8,22.6,1.51,,-3.66,-21.16,,,,,0.69,1.85,8.02,29.02,24.99,24.94,25.31,24.88,0.1194,0.0834,False,True,False
KR,Consumer Defensive,Grocery Stores,1.2,50.9,0.4,-61.9,2.6,-165.2,-7.32,-4.79,-2.93,27.93,41.88,15.96,-0.68,-0.26,6.88,0.49,8.91,39.25,147.64,147.64,29.5,27.44,-1.0029,-0.6585,False,True,True
LHX,Industrials,Aerospace & Defense,190.0,-6.1,2.5,6.9,1.7,70.7,-16.54,15.99,31.53,51.8,34.18,36.54,4.95,5.3,3.06,5.96,35.72,58.64,12.86,21.86,26.33,24.11,0.5129,0.36,True,False,False
LH,Healthcare,Diagnostics & Research,5.8,32.9,7.2,17.5,0.6,68.7,,-1.61,7.31,39.2,22.89,26.9,1.31,1.54,2.51,1.97,12.37,21.55,14.14,13.95,21.79,22.79,0.7403,0.4221,False,False,False
LRCX,Technology,Semiconductor Equipment & Materials,23.8,40.8,23.7,40.0,9.3,14.5,37.83,106.02,280.62,239.76,60.23,84.32,1.51,2.11,37.57,18.3,50.55,397.68,21.68,18.44,59.88,50.02,3.1847,2.7698,False,False,False
LVS,Consumer Cyclical,Resorts & Casinos,25.3,73.0,15.2,12.5,-1.8,43.5,-8.79,-25.64,26.48,21.35,18.86,21.22,1.51,1.7,28.28,3.4,9.67,33.87,13.74,13.02,29.89,36.04,1.0615,0.9466,False,False,False
LDOS,Technology,Information Technology Services,3.7,-7.6,3.1,15.5,4.6,0.3,-26.47,-29.83,-9.93,-7.84,11.95,13.8,0.77,0.89,3.3,1.33,9.61,16.55,17.33,17.17,28.85,29.66,0.0514,0.411,True,False,False
LEN,Consumer Cyclical,Residential Construction,-13.3,-52.6,-3.5,-47.2,-29.3,-53.2,-18.43,-30.41,-13.82,-37.81,13.08,6.91,-0.28,-0.15,1.01,0.57,7.57,22.11,33.17,34.19,37.08,37.32,1.5075,0.9152,True,True,True
LII,Industrials,Building Products & Equipment,5.8,-7.7,-2.7,-0.7,-5.0,-27.7,-11.52,2.11,-11.82,3.99,22.37,22.21,-31.96,-31.73,14.25,3.65,16.64,17.3,5.26,5.2,42.48,34.77,1.8137,1.2917,True,True,True
LLY,Healthcare,Drug Manufacturers - General,55.5,169.9,44.7,94.9,2.6,11.4,10.88,6.88,57.05,40.79,38.46,74.96,0.41,0.79,32.27,14.44,28.8,1004.81,72.25,65.18,37.67,37.91,0.9174,0.57,False,False,False
LIN,Basic Materials,Specialty Chemicals,8.2,13.4,3.0,5.1,0.2,21.4,-1.11,24.16,9.63,20.88,33.67,35.39,6.6,6.94,6.02,7.39,18.84,232.09,34.65,33.99,19.33,16.92,0.091,0.2311,False,False,False
LYV,Communication Services,Entertainment,12.2,,8.8,-44.7,-39.9,92.5,3.23,27.41,22.68,77.69,,,,,,1.64,28.08,38.87,25.61,25.2,35.92,30.88,1.3622,0.8541,False,True,False
LMT,Industrials,Aerospace & Defense,0.3,-11.5,5.6,-6.0,-11.3,10.7,-20.61,22.96,16.51,25.1,26.0,24.44,-4.33,-4.07,16.5,1.9,17.84,123.86,75.11,75.05,25.3,26.58,0.1228,0.0864,True,True,False
L,Financial Services,Insurance - Property & Casualty,1.4,-6.3,5.4,17.9,-3.5,-16.2,-6.52,-1.37,,42.2,13.61,16.05,0.76,0.9,1.15,1.34,7.82,21.57,18.51,18.18,19.83,15.87,0.3907,0.2631,True,False,True
LOW,Consumer Cyclical,Home Improvement Retail,10.3,-0.7,3.1,-4.4,,-0.8,-14.86,-10.73,-1.21,5.66,18.31,17.5,-4.16,-3.98,,1.85,12.98,122.25,88.43,86.29,29.65,25.56,1.2327,0.8159,True,True,True
LULU,Consumer Cyclical,Apparel Retail,0.8,-18.5,4.9,-13.0,41.9,91.3,-25.45,-28.0,-58.58,-56.01,9.88,8.6,-0.76,-0.66,3.08,1.37,5.61,15.7,11.1,11.1,44.3,47.82,1.3948,1.4537,True,True,False
LITE,Technology,Communication Equipment,90.1,,21.0,-104.7,21.5,84.4,9.88,170.69,1041.25,1881.63,158.79,-7.46,-1.52,0.07,72.58,24.85,121.56,66.96,2.49,1.65,105.62,84.2,2.6965,2.629,False,True,False
LYB,Basic Materials,Specialty Chemicals,-6.3,-29.5,-9.7,-154.8,1.5,-186.6,18.09,44.37,29.63,-18.02,,,,,2.18,1.14,15.26,22.06,29.67,30.15,54.17,46.18,-1.9398,0.0333,True,True,True
MTB,Financial Services,Banks - Regional,5.7,24.4,4.3,10.2,-1.2,-12.5,-2.36,13.45,20.67,56.19,12.03,13.26,1.18,1.3,1.23,3.93,,31.38,9.31,9.63,21.91,21.59,0.7469,0.8391,False,False,True
MPC,Energy,Oil & Gas Refining & Marketing,8.8,,-4.4,17.5,5.0,-66.7,20.24,29.27,60.24,51.88,16.26,19.11,0.93,1.09,4.4,0.82,10.94,73.37,135.95,132.7,39.35,31.34,-0.9746,-0.0032,False,False,True
MAR,Consumer Cyclical,Lodging,12.6,1.7,4.3,9.5,-0.5,45.6,16.96,27.63,47.63,72.04,40.48,44.33,4.26,4.67,,16.52,25.06,101.72,7.18,26.19,28.5,26.05,1.2617,1.0399,False,False,False
MRSH,Financial Services,Insurance Brokers,7.6,-15.4,10.3,2.5,15.2,39.6,-13.99,-12.41,-29.77,-18.32,20.09,20.59,8.04,8.24,5.28,3.56,12.83,76.86,27.52,26.98,26.45,23.27,-0.2047,-0.0125,True,False,False
MLM,Basic Materials,Building Materials,17.2,1220.8,8.6,-43.0,-11.2,442.3,-13.56,-6.4,5.42,3.14,36.01,20.53,-0.84,-0.48,3.06,6.29,18.93,34.53,6.35,6.15,28.43,24.56,1.2991,0.9406,False,True,False
MAS,Industrials,Building Products & Equipment,6.5,20.0,-3.4,-1.5,7.0,29.1,1.76,10.13,13.49,8.73,17.28,17.02,-11.52,-11.35,,2.27,12.05,14.26,7.68,7.56,40.34,32.13,1.7571,1.1372,False,True,False
MA,Financial Services,Credit Services,15.8,21.2,16.4,16.3,-4.6,-4.4,-5.07,-8.94,-14.04,12.91,28.57,33.23,1.75,2.04,65.17,13.17,20.91,436.27,33.94,32.79,22.43,21.86,0.3088,0.5624,False,False,True
MKC,Consumer Defensive,Packaged Foods,16.7,528.3,1.7,0.1,1.3,351.1,-32.41,-28.35,-33.57,-29.73,7.68,7.69,76.8,76.9,1.8,2.52,13.19,12.59,7.11,6.84,33.64,27.96,0.0047,-0.1277,False,False,False
MCD,Consumer Cyclical,Restaurants,9.4,6.9,3.7,4.1,-7.0,-8.4,-16.52,-7.92,-8.81,16.82,23.14,24.09,5.64,5.88,,9.15,16.9,197.5,27.45,26.89,18.14,16.39,0.2896,0.0862,False,False,True
MCK,Healthcare,Medical Distribution,6.0,37.2,12.4,44.5,-9.3,41.8,-23.61,-11.59,6.61,36.61,19.72,28.5,0.44,0.64,,0.24,14.11,90.99,403.43,403.43,25.53,28.96,0.0899,-0.0612,False,False,False
MDT,Healthcare,Medical Devices,8.7,-11.8,3.6,26.8,0.6,-16.8,-22.34,-25.73,-5.39,-1.08,21.23,26.92,0.79,1.0,1.98,3.29,12.39,97.02,35.48,33.54,21.59,19.58,0.6176,0.3364,True,False,True
MRK,Healthcare,Drug Manufacturers - General,4.9,,1.3,6.6,-0.7,-243.1,-0.52,19.62,62.62,1.61,33.87,36.11,5.13,5.47,6.45,5.16,11.5,296.11,65.77,65.01,26.81,26.81,0.5212,0.364,False,False,True
META,Communication Services,Internet Content & Information,33.1,62.4,22.2,-3.1,-6.0,17.6,-2.71,-0.7,-1.21,34.83,23.09,22.37,-7.45,-7.22,6.62,7.53,14.8,1612.63,214.96,200.97,39.54,34.93,1.7833,1.5058,False,True,False
MET,Financial Services,Insurance - Life,2.7,35.9,7.9,-23.7,-20.1,46.5,12.76,9.0,7.05,23.35,16.1,12.28,-0.68,-0.52,1.94,0.97,12.63,52.74,77.58,75.65,23.82,22.8,0.9614,0.9991,False,True,False
MTD,Healthcare,Diagnostics & Research,7.2,6.7,4.0,0.7,-16.2,-40.7,-12.19,-20.75,-0.83,-19.04,25.71,25.89,36.73,36.99,,6.28,21.09,23.51,4.09,4.03,46.25,32.24,1.0243,1.0544,False,False,True
MGM,Consumer Cyclical,Resorts & Casinos,4.2,-5.9,1.7,-72.4,-3.3,-57.4,20.18,21.13,35.3,10.93,57.24,15.8,-0.79,-0.22,4.51,2.32,18.06,10.98,17.72,17.54,37.05,37.3,0.7524,1.1553,True,True,True
MCHP,Technology,Semiconductors,35.1,,7.1,-46100.0,10.6,130.0,29.89,81.72,69.76,6.11,436.55,-200813.0,-0.01,4.36,8.08,12.19,47.14,52.06,4.71,4.71,45.88,42.94,1.8132,1.6192,False,True,False
MU,Technology,Semiconductors,196.3,756.0,48.9,997.6,74.9,163.1,123.89,284.38,856.33,606.79,43.62,478.77,0.04,0.48,14.38,17.86,28.2,1041.48,58.12,37.38,86.25,66.02,3.1222,2.7548,False,False,False
MSFT,Technology,Software - Infrastructure,18.3,23.4,14.9,15.5,2.0,-17.4,7.37,-11.88,-6.17,1.06,25.42,29.36,1.64,1.89,7.66,10.11,17.45,3171.87,318.27,281.72,26.89,23.94,0.7004,0.8417,False,False,True
MAA,Real Estate,REIT - Residential,0.8,-31.5,0.8,-15.3,-0.3,116.0,-1.26,-1.07,-12.15,10.57,39.52,33.47,-2.58,-2.19,2.75,9.48,16.93,15.61,2.21,2.21,19.08,18.34,0.3798,0.291,True,True,False
MRNA,Healthcare,Biotechnology,260.2,,-39.9,-20.8,-42.5,62.6,-9.98,96.9,76.64,-67.84,,,,,2.17,6.73,-6.51,18.88,2.22,1.92,63.15,63.75,2.254,1.7946,False,True,False
TAP,Consumer Defensive,Beverages - Brewers,2.0,35.6,-4.2,-290.6,-11.7,-36.5,-15.65,-11.71,-21.43,-17.89,,,,,0.76,1.25,5.7,7.61,11.19,11.14,26.21,25.97,-0.0952,-0.067,False,True,True
MDLZ,Consumer Defensive,Confectioners,8.2,41.3,5.8,-46.8,-4.0,-15.8,4.12,12.61,-4.45,-0.98,30.89,16.43,-0.66,-0.35,3.11,2.55,19.22,80.09,39.3,38.54,23.42,21.99,0.3265,0.1015,False,True,True
MPWR,Technology,Semiconductors,26.1,39.5,26.4,-61.0,7.1,10.0,43.22,76.57,141.74,122.16,116.24,45.33,-1.91,-0.74,21.82,26.68,92.03,80.24,2.96,2.79,54.56,46.09,2.5939,2.2922,False,True,False
MNST,Consumer Defensive,Beverages - Non-Alcoholic,26.9,28.9,10.7,26.3,10.4,26.8,8.55,15.85,38.26,68.79,43.13,54.47,1.64,2.07,9.86,9.46,29.47,86.05,8.79,8.29,37.14,26.39,1.0277,0.358,False,False,False
MCO,Financial Services,Financial Data & Stock Exchanges,8.1,7.8,8.9,19.5,10.1,8.4,-3.13,-7.13,-5.69,14.43,32.36,38.67,1.66,1.98,26.28,10.76,22.21,78.68,7.87,7.72,25.01,26.09,0.5827,0.7725,False,False,False
MS,Financial Services,Capital Markets,16.3,31.9,14.5,25.9,15.3,26.6,22.69,22.29,62.85,121.42,18.24,22.96,0.7,0.89,3.08,3.4,,321.43,73.17,65.97,29.17,25.01,1.2842,1.3911,False,False,False
MOS,Basic Materials,Agricultural Inputs,14.4,,8.4,209.1,0.8,-50.4,-10.91,-0.9,-30.23,-13.14,171.86,531.22,0.82,2.54,0.63,1.07,6.66,7.65,12.43,12.05,52.9,42.55,0.7779,0.4932,False,False,True
MSI,Technology,Communication Equipment,7.4,-13.8,8.0,36.6,-19.7,-43.6,-15.12,10.89,-0.57,17.65,33.0,45.08,0.9,1.23,26.89,6.49,22.05,68.31,11.87,11.68,31.25,23.61,0.3399,0.2409,True,False,True
MSCI,Financial Services,Financial Data & Stock Exchanges,14.1,49.1,9.7,8.4,3.4,42.6,9.57,12.79,12.24,31.25,34.48,37.38,4.1,4.45,,15.99,27.28,45.57,3.24,3.13,25.32,28.41,0.3736,0.5651,False,False,False
NDAQ,Financial Services,Financial Data & Stock Exchanges,13.7,33.8,11.6,60.1,0.6,0.2,3.63,2.46,10.47,56.01,27.25,43.63,0.45,0.73,4.27,11.16,18.8,51.46,5.42,8.26,23.07,23.85,0.4543,0.7423,False,False,False
NTAP,Technology,Software - Infrastructure,4.4,16.0,4.9,20.3,0.5,9.5,42.92,28.11,46.31,25.92,23.85,28.69,1.17,1.41,24.35,4.15,15.89,28.2,6.71,6.57,38.65,33.06,0.5551,1.3107,False,False,False
NFLX,Communication Services,Entertainment,16.2,86.4,15.9,26.1,1.7,118.4,-11.05,-20.87,-27.11,31.92,27.86,35.13,1.07,1.35,11.69,7.85,25.77,363.64,46.89,45.18,41.55,33.16,0.1102,0.3832,False,False,False
NEM,Basic Materials,Gold,45.8,78.6,21.3,111.6,7.2,150.7,-15.56,18.37,108.26,169.97,13.91,29.43,0.12,0.26,3.33,4.5,6.88,115.54,24.97,22.67,51.18,46.62,1.9867,1.2602,False,False,False
NWSA,Communication Services,Entertainment,8.8,-10.4,2.4,343.6,-7.5,-53.9,11.1,4.35,-5.91,1.1,33.57,148.92,0.1,0.43,1.7,1.81,12.75,14.47,8.8,8.45,20.56,23.91,0.362,0.5992,True,False,True
NWS,Communication Services,Entertainment,8.8,-10.4,2.4,343.6,-7.5,-53.9,15.3,5.08,-7.16,12.21,38.41,170.39,0.11,0.5,1.94,2.05,14.42,16.56,8.8,8.45,21.02,24.33,0.3338,0.621,True,False,True
NEE,Utilities,Utilities - Regulated Electric,7.3,160.0,10.7,-1.6,3.1,42.1,,3.77,30.23,20.47,22.2,21.84,-13.87,-13.65,3.29,10.61,20.89,181.97,27.87,27.41,26.21,23.52,0.199,0.1552,False,True,False
NKE,Consumer Cyclical,Footwear & Accessories,0.1,-34.8,-9.8,-43.5,-9.2,-34.3,-22.36,-27.08,-20.97,-46.04,30.17,17.05,-0.69,-0.39,4.98,1.57,18.96,70.15,46.52,46.31,41.03,38.03,0.8442,0.9488,True,True,True
NI,Utilities,Utilities - Regulated Gas,8.2,6.0,21.8,22.2,24.2,96.7,0.03,10.2,23.16,78.3,23.27,28.44,1.05,1.28,2.37,6.07,13.89,22.42,6.82,6.64,18.07,17.57,0.256,0.2504,False,False,False
NDSN,Industrials,Specialty Industrial Machinery,8.5,6.1,3.8,3.7,10.7,-12.0,-1.09,23.39,39.8,28.36,30.78,31.92,8.32,8.63,5.16,6.17,19.67,16.05,2.9,2.79,23.11,20.6,1.1473,0.957,False,False,True
NSC,Industrials,Railroads,0.2,-26.6,0.5,9.6,0.8,-15.1,-2.6,7.16,27.32,46.43,25.98,28.47,2.71,2.97,4.38,7.01,15.29,69.15,12.18,12.18,25.91,19.71,0.4561,0.4554,True,False,True
NTRS,Financial Services,Asset Management,13.9,42.6,-2.5,-14.5,3.9,12.8,16.57,30.03,60.82,118.08,17.61,15.06,-1.21,-1.04,2.58,4.5,,31.15,8.36,8.09,27.45,26.12,0.807,1.0746,False,True,False
NOC,Industrials,Aerospace & Defense,4.4,84.9,2.2,0.2,-15.6,-38.7,-27.18,2.85,18.54,28.92,17.52,17.56,87.6,87.8,4.64,2.24,12.99,79.44,42.37,41.95,27.47,25.93,0.1534,0.0038,False,False,True
NCLH,Consumer Cyclical,Travel Services,9.6,,3.7,-53.5,3.9,500.0,-17.58,-1.56,3.86,10.86,14.74,6.85,-0.28,-0.13,3.45,2.42,9.27,8.39,10.03,9.83,60.94,53.05,2.9649,2.2898,False,True,False
NRG,Utilities,Utilities - Independent Power Producers,19.5,-85.6,9.2,-23.2,32.3,89.4,-21.45,-16.48,-9.97,69.57,151.1,116.04,-6.51,-5.0,25.39,1.63,23.4,29.01,32.38,30.71,51.76,44.25,1.6698,1.4698,True,True,False
NUE,Basic Materials,Steel,21.3,382.1,5.7,-14.0,23.5,96.6,38.53,56.19,132.31,54.42,24.73,21.27,-1.77,-1.52,2.72,1.83,12.62,56.78,34.16,32.49,29.12,31.14,1.1481,1.0616,False,True,False
NVDA,Technology,Semiconductors,85.2,214.5,65.5,64.7,19.8,35.8,17.42,19.09,53.96,86.69,32.56,53.63,0.5,0.83,33.1,20.3,31.09,5189.35,253.49,215.94,36.58,33.72,1.6905,1.8041,False,False,False
NVR,Consumer Cyclical,Residential Construction,-21.4,-28.5,-1.9,-20.3,-30.6,-45.5,-16.93,-18.05,-13.2,-16.01,15.06,12.0,-0.74,-0.59,4.82,1.62,9.66,16.63,9.92,10.34,29.47,27.32,0.9411,0.6087,True,True,True
NXPI,Technology,Semiconductors,12.2,130.7,-2.7,-19.5,-4.6,146.6,47.71,67.16,71.82,25.08,31.46,25.33,-1.61,-1.3,7.64,7.27,22.05,83.39,12.62,12.27,64.76,45.37,1.4964,1.6393,False,True,False
ORLY,Consumer Cyclical,Auto Parts,10.2,16.1,6.4,6.3,3.3,-0.2,-6.1,-11.86,-1.01,39.73,28.97,30.8,4.6,4.89,,4.53,20.18,73.95,18.21,17.78,27.64,22.79,0.5224,0.1793,False,False,True
OXY,Energy,Oil & Gas E&P,-8.3,315.6,-1.9,-23.9,198.5,500.0,6.24,36.81,41.25,-2.49,76.43,58.16,-3.2,-2.43,1.85,3.73,7.27,57.01,21.12,21.59,40.24,34.53,-1.7294,-0.5067,False,True,False
ODFL,Industrials,Trucking,-2.9,-4.2,-5.5,-13.7,2.1,3.8,6.46,58.66,37.28,30.57,45.92,39.63,-3.35,-2.89,10.45,8.37,26.74,45.93,5.46,5.5,41.16,38.4,1.3055,1.2258,True,True,False
OMC,Communication Services,Advertising Agencies,69.2,-6.9,10.1,-103.7,12.9,-143.1,-12.34,4.94,3.91,-12.86,,,,,2.24,1.48,9.29,21.12,19.82,17.27,22.9,34.66,0.4994,0.4961,True,True,True
ON,Technology,Semiconductors,4.7,,-15.3,-92.3,-1.1,-118.4,86.18,145.43,188.24,74.3,91.68,7.06,-0.99,-0.08,6.64,8.14,24.11,48.12,6.06,6.0,63.81,53.62,2.6879,2.0335,False,True,True
OKE,Energy,Oil & Gas Midstream,19.6,18.0,55.0,11.8,6.1,-20.8,2.26,21.16,13.8,20.72,15.74,17.6,1.33,1.49,2.45,2.51,11.78,54.83,35.2,33.63,29.59,25.75,-0.8571,-0.1739,False,False,True
ORCL,Technology,Software - Infrastructure,21.7,24.5,8.4,18.9,7.0,-39.3,36.96,2.0,26.3,68.13,34.24,40.71,1.81,2.15,17.46,11.15,26.03,585.85,64.08,57.4,54.69,62.83,1.6696,1.7179,False,False,True
OTIS,Industrials,Specialty Industrial Machinery,6.4,42.6,1.2,-15.9,-6.1,-9.1,-23.48,-18.35,-23.65,-22.08,19.09,16.05,-1.2,-1.01,,2.39,14.02,27.32,14.65,14.43,24.5,23.3,0.8003,0.3709,False,True,True
PCAR,Industrials,Farm & Heavy Construction Machinery,-8.9,19.7,-15.5,-42.9,-0.6,8.7,-9.53,9.93,22.03,13.86,23.88,13.64,-0.56,-0.32,2.99,2.36,20.33,59.06,27.78,28.44,28.08,26.15,1.2181,0.9814,False,True,False
PKG,Consumer Cyclical,Packaging & Containers,10.6,-15.5,7.2,-3.9,0.2,67.9,-5.1,8.62,15.8,27.88,26.47,25.44,-6.79,-6.52,4.2,2.51,11.79,19.44,9.22,8.99,31.2,26.95,0.968,0.7456,True,True,False
PLTR,Technology,Software - Infrastructure,84.7,325.0,56.2,251.6,16.0,43.0,-1.26,-14.42,17.18,584.53,149.31,524.97,0.59,2.09,40.66,64.3,166.44,343.63,5.22,4.48,51.39,50.88,0.9517,1.8261,False,False,False
PANW,Technology,Software - Infrastructure,14.9,60.5,14.9,-56.0,4.9,29.3,71.67,37.31,38.72,,144.01,63.36,-2.57,-1.13,19.29,20.85,134.24,209.05,9.89,9.22,44.93,36.54,0.706,1.0299,False,True,False
PSKY,Communication Services,Entertainment,2.2,-31.8,-1.5,918.1,,10.5,-18.55,-30.57,-9.83,-4.38,360.33,3668.52,0.39,4.0,1.03,0.96,9.0,12.1,29.05,29.21,65.4,67.78,0.6665,0.5404,True,False,False
PH,Industrials,Specialty Industrial Machinery,10.6,-4.2,-0.4,24.2,6.0,7.0,-15.49,0.02,28.92,66.12,31.5,39.12,1.3,1.62,7.36,5.56,21.29,107.53,20.99,19.85,30.42,24.33,1.2253,0.9835,True,False,False
PAYX,Technology,Software - Application,19.9,9.1,5.6,-2.0,16.1,41.7,2.64,-11.58,-36.83,-13.86,20.85,20.43,-10.43,-10.21,8.53,9.44,23.29,34.22,3.97,5.57,28.83,25.9,-0.2672,0.2862,False,True,False
PYPL,Financial Services,Credit Services,7.2,-6.2,4.3,26.2,-3.7,-22.5,-2.27,-28.74,-36.98,-26.79,8.2,10.35,0.31,0.4,1.98,1.23,6.32,39.22,33.73,33.17,31.54,38.93,0.7168,1.3822,True,False,True
PNR,Industrials,Specialty Industrial Machinery,2.6,13.0,2.3,4.5,1.6,3.8,-27.08,-31.73,-27.64,-7.14,18.2,19.02,4.04,4.23,3.03,3.22,12.3,11.53,4.2,4.18,33.02,27.26,1.3505,1.182,False,False,False
PEP,Consumer Defensive,Beverages - Non-Alcoholic,8.5,27.8,2.3,-14.0,-33.7,-8.4,-11.77,-0.31,15.33,-8.14,23.18,19.93,-1.66,-1.42,9.36,2.54,12.94,199.97,95.45,93.92,20.04,21.67,0.0549,-0.0901,False,True,True
PFE,Healthcare,Drug Manufacturers - General,5.4,-10.1,-1.6,-3.2,-17.7,-263.0,-2.53,6.91,19.26,7.25,19.95,19.31,-6.23,-6.03,1.65,3.17,7.89,148.98,63.32,62.58,19.76,23.83,0.3524,0.4064,True,True,True
PCG,Utilities,Utilities - Regulated Electric,15.0,39.8,2.1,7.6,1.1,32.1,-14.51,3.46,-3.67,-8.8,12.83,13.81,1.69,1.82,1.13,3.85,9.65,35.87,25.83,24.93,25.68,27.78,0.555,0.4364,False,False,False
PM,Consumer Defensive,Tobacco,9.1,-9.3,7.3,60.8,-2.1,13.9,-1.99,16.43,3.95,93.97,25.66,41.26,0.42,0.68,,7.88,17.58,278.31,41.49,40.65,35.56,27.55,0.3556,-0.0125,True,False,False
PSX,Energy,Oil & Gas Refining & Marketing,6.9,-56.8,-7.5,108.0,-4.6,-92.9,11.12,28.4,59.37,37.06,17.44,36.28,0.16,0.34,2.48,0.7,13.35,70.85,134.49,132.38,35.12,29.68,-0.837,-0.0345,True,False,True
PNW,Utilities,Utilities - Regulated Electric,11.4,,4.2,1.3,1.9,113.7,1.21,15.03,15.42,44.2,19.21,19.46,14.78,14.97,1.73,5.02,12.84,12.22,5.46,5.34,16.52,15.72,0.0382,-0.072,False,False,False
PNC,Financial Services,Banks - Regional,13.8,17.7,10.9,17.8,1.5,-12.9,3.38,15.99,29.74,55.87,12.78,15.05,0.72,0.85,1.39,6.46,,88.26,23.04,23.08,21.46,21.12,0.7523,0.8358,False,False,True
POOL,Industrials,Industrial Distribution,6.2,2.1,-0.4,-6.4,15.9,68.5,-15.68,-23.08,-37.22,-45.44,16.94,15.86,-2.65,-2.48,5.94,1.54,12.94,6.73,5.36,5.29,32.8,33.36,0.814,0.817,False,True,False
PPG,Basic Materials,Specialty Chemicals,6.7,4.2,0.2,41.2,0.4,27.3,-4.7,14.41,4.09,-6.74,16.17,22.83,0.39,0.55,3.1,1.95,11.59,25.16,16.12,15.88,39.36,28.87,1.8808,1.1468,False,False,False
PPL,Utilities,Utilities - Regulated Electric,10.8,7.3,6.9,33.0,22.0,69.9,-8.1,0.24,5.91,33.65,21.94,29.18,0.66,0.88,1.77,4.9,12.49,26.58,9.31,9.04,17.9,16.67,0.0026,0.0818,False,False,False
PFG,Financial Services,Asset Management,-4.5,819.0,-3.1,-24.6,-22.9,-17.9,8.79,24.61,36.62,38.3,14.82,11.17,-0.6,-0.45,1.89,1.41,9.93,22.32,15.46,15.63,20.46,21.62,0.9106,0.9248,False,True,True
PG,Consumer Defensive,Household & Personal Products,7.4,5.8,0.3,7.4,-4.4,-9.0,-10.09,0.42,-10.95,-4.87,21.33,22.91,2.88,3.1,6.32,4.21,14.59,339.77,86.72,84.28,22.04,18.16,0.6715,0.0894,False,False,True
PGR,Financial Services,Insurance - Property & Casualty,8.7,9.8,16.3,33.3,-2.5,-4.5,-8.81,-9.15,-25.3,4.05,10.02,13.36,0.3,0.4,3.55,1.34,7.91,113.5,89.42,87.64,20.53,22.25,-0.2967,-0.134,False,False,True
PLD,Real Estate,REIT - Industrial,8.3,65.2,7.2,-10.8,2.0,-29.8,2.87,14.76,37.97,48.42,36.5,32.56,-3.38,-3.01,2.54,18.64,26.63,135.79,9.38,8.79,19.81,20.87,1.0018,0.6505,False,True,True
PRU,Financial Services,Insurance - Life,15.3,-14.3,-13.7,31.1,-0.8,-34.0,2.03,-4.49,1.67,-5.44,10.45,13.7,0.34,0.44,1.09,0.86,10.72,34.94,63.29,60.97,23.97,22.37,0.8001,0.9062,True,False,True
PEG,Utilities,Utilities - Regulated Electric,19.4,25.4,18.3,19.1,32.0,135.2,-5.58,-1.4,2.71,15.07,17.67,21.04,0.93,1.1,2.28,4.96,13.23,39.44,12.79,12.17,19.6,18.6,0.3321,0.2732,False,False,False
PTC,Technology,Software - Application,21.7,268.9,19.2,95.0,12.9,254.8,-12.22,-20.64,-17.35,-21.72,13.33,25.99,0.14,0.27,4.29,5.66,12.87,16.03,3.0,2.74,30.33,33.21,0.2937,0.7958,False,False,False
PSA,Real Estate,REIT - Industrial,3.2,32.8,2.7,-13.9,0.2,3.8,0.47,16.48,5.33,27.01,31.91,27.47,-2.3,-1.98,11.08,14.09,19.98,54.29,4.87,4.82,25.68,22.42,1.0573,0.5572,False,True,False
PHM,Consumer Cyclical,Residential Construction,-12.4,-30.4,-3.5,-28.0,-26.1,-30.8,-11.56,-6.82,20.72,6.46,11.41,8.22,-0.41,-0.29,1.74,1.37,7.86,22.48,16.83,17.31,33.51,34.12,1.5075,0.9886,True,True,True
PWR,Industrials,Engineering & Construction,26.3,51.0,20.3,13.7,0.4,-30.1,27.52,61.52,115.11,163.26,100.98,114.81,7.37,8.38,12.11,3.84,43.48,109.56,30.12,28.48,46.11,35.98,1.4819,1.4244,False,False,True
QCOM,Technology,Semiconductors,-3.5,173.0,13.7,-45.4,-13.5,145.3,73.62,46.46,67.85,21.95,25.13,13.72,-0.55,-0.3,9.45,5.89,20.15,256.43,44.49,44.28,68.25,44.72,1.6746,1.7468,False,True,False
DGX,Healthcare,Diagnostics & Research,9.2,15.5,11.8,13.9,3.2,2.9,-6.28,7.72,16.13,47.47,21.66,24.67,1.56,1.77,2.96,2.49,12.63,21.72,11.28,11.04,20.69,22.61,0.2241,-0.0274,False,False,False
Q,Technology,Semiconductor Equipment & Materials,17.6,-21.7,9.7,-0.1,10.5,51.0,,,67.03,67.03,51.28,51.23,-512.8,-512.3,4.63,7.52,25.69,33.28,4.95,4.75,58.56,55.39,2.8594,2.725,True,True,False
RL,Consumer Cyclical,Apparel Manufacturing,16.6,20.0,14.6,26.7,-17.8,-58.1,4.99,1.87,35.06,107.83,24.88,31.52,0.93,1.18,7.78,2.84,15.14,22.07,8.11,8.11,47.46,33.78,1.7749,1.4695,False,False,True
RJF,Financial Services,Asset Management,13.1,15.3,9.5,3.2,3.4,-3.4,-7.7,-8.23,-2.59,19.92,13.73,14.17,4.29,4.43,2.2,1.14,,27.67,14.72,13.84,25.89,24.54,0.9122,1.0088,False,False,True
RTX,Industrials,Aerospace & Defense,8.7,32.5,9.7,41.0,-8.9,26.9,-15.3,7.31,34.88,77.52,33.58,47.35,0.82,1.15,3.68,3.04,18.01,241.0,90.37,88.6,27.04,23.56,0.6785,0.4931,False,False,False
O,Real Estate,REIT - Retail,12.0,17.9,9.1,23.0,-15.4,5.3,,,15.61,34.64,50.98,62.71,2.22,2.73,1.47,15.1,17.11,57.53,5.93,5.75,16.19,15.74,0.324,0.1094,False,False,False
REG,Real Estate,REIT - Retail,10.0,17.2,6.9,31.7,2.0,-36.5,-0.32,13.18,12.95,44.88,27.08,35.66,0.85,1.12,2.15,12.08,18.97,14.68,1.65,1.55,14.04,15.65,0.3239,0.2848,False,False,True
REGN,Healthcare,Biotechnology,19.0,-7.2,1.0,2.1,-7.2,-13.9,-21.29,-16.92,3.23,-35.16,15.18,15.5,7.23,7.38,2.02,3.83,13.05,65.16,14.92,14.34,34.14,37.96,1.0334,0.5889,True,False,True
RF,Financial Services,Banks - Regional,7.3,21.6,6.3,13.9,-2.5,4.7,-0.5,10.93,34.49,62.47,11.64,13.26,0.84,0.95,1.37,3.91,,23.75,7.18,7.53,24.73,24.58,0.8812,0.9992,False,False,False
RSG,Industrials,Waste Management,2.6,7.5,3.5,4.7,-0.5,-3.5,-11.33,-4.3,-19.07,14.65,29.48,30.87,6.27,6.57,5.24,4.59,14.75,62.67,16.7,16.59,20.94,18.09,-0.3482,-0.1681,False,False,True
RMD,Healthcare,Medical Instruments & Supplies,10.8,10.5,9.8,37.2,0.6,1.6,-20.73,-17.67,-16.2,0.63,19.62,26.92,0.53,0.72,4.54,5.18,13.54,29.51,5.54,5.15,22.48,22.54,0.691,0.6103,False,False,False
RVTY,Healthcare,Diagnostics & Research,7.0,3.5,3.7,-10.8,-7.9,-58.6,5.97,-1.04,10.45,-7.27,46.43,41.42,-4.3,-3.84,1.58,4.75,16.11,11.29,2.9,2.86,42.84,38.25,1.7258,1.5427,False,True,True
HOOD,Financial Services,Capital Markets,15.1,2.7,51.6,33.5,-16.8,-42.1,7.69,-31.16,32.67,302.37,37.05,49.46,1.11,1.48,8.21,15.41,,76.4,4.61,4.47,68.73,67.65,3.0932,3.2994,False,False,True
ROK,Industrials,Specialty Industrial Machinery,11.9,39.6,0.9,-8.8,6.4,15.1,10.69,17.39,46.46,83.99,47.37,43.2,-5.38,-4.91,14.37,6.17,27.57,50.61,8.8,8.34,35.54,28.2,1.4998,1.4949,False,True,False
ROL,Consumer Cyclical,Personal Services,10.2,1.3,11.0,12.9,-0.7,-7.4,-18.55,-18.7,-12.09,11.72,46.19,52.15,3.58,4.04,17.3,6.44,28.77,23.79,3.84,3.76,22.4,23.51,0.4329,0.2602,False,False,True
ROP,Technology,Software - Application,11.3,59.2,12.3,-0.8,1.8,18.8,-9.43,-27.58,-42.9,-38.96,19.96,19.8,-24.95,-24.75,1.71,5.22,13.26,32.27,8.11,7.9,22.93,24.27,-0.0738,0.3414,False,True,False
ROST,Consumer Cyclical,Apparel Retail,20.6,37.4,7.7,2.6,,35.6,12.55,28.56,65.17,66.72,32.55,33.4,12.52,12.85,11.84,3.07,21.29,73.49,23.78,22.75,32.63,24.2,0.9951,0.7847,False,False,False
RCL,Consumer Cyclical,Travel Services,11.3,28.9,8.8,48.3,4.6,24.8,-6.0,6.43,12.18,94.48,16.78,24.88,0.35,0.52,7.69,5.27,14.04,75.44,18.39,17.93,50.15,45.45,2.2473,1.7215,False,False,False
SPGI,Financial Services,Financial Data & Stock Exchanges,10.4,32.5,7.9,16.1,6.5,23.0,-5.73,-15.47,,-0.4,26.44,30.7,1.64,1.91,3.97,8.95,17.88,123.63,15.73,15.34,24.43,27.12,0.3884,0.5017,False,False,False
CRM,Technology,Software - Application,12.1,17.9,9.6,20.3,,13.8,-8.47,-24.02,-33.51,-34.27,20.58,24.76,1.01,1.22,2.77,4.14,13.71,144.28,41.52,41.52,40.93,35.15,-0.2128,0.6272,False,False,False
SNDK,Technology,Computer Hardware,251.0,,10.4,144.2,96.7,350.2,165.17,681.1,4152.95,4460.11,54.34,132.7,0.38,0.92,23.79,18.17,42.54,243.11,13.18,7.36,97.62,98.1,3.4777,3.6266,False,False,False
SBAC,Real Estate,REIT - Specialty,5.9,-14.7,5.1,40.6,-2.2,-50.1,4.19,9.91,-9.03,14.52,21.05,29.6,0.52,0.73,,12.94,20.21,21.7,2.85,2.82,49.82,31.55,0.4893,0.2075,True,False,True
SLB,Energy,Oil & Gas Equipment & Services,2.7,-13.8,-1.6,-24.4,-10.5,-8.7,7.51,52.69,68.66,27.76,24.83,18.77,-1.02,-0.77,3.01,2.55,12.22,82.41,35.94,35.71,36.15,33.5,0.8233,0.7797,True,True,True
STX,Technology,Computer Hardware,44.1,108.3,38.9,338.5,10.2,26.1,132.47,227.5,655.1,874.13,82.62,362.29,0.24,1.07,418.59,18.21,57.06,197.48,11.01,9.1,66.16,62.89,2.4266,2.1301,False,False,False
SRE,Utilities,Utilities - Diversified,-3.9,13.7,3.9,-35.8,-2.5,194.6,-5.24,-0.2,19.02,29.34,31.04,19.93,-0.87,-0.56,1.86,7.75,18.68,58.85,13.56,13.7,19.44,19.61,0.2054,0.3414,False,True,False
NOW,Technology,Software - Application,22.1,2.3,20.9,22.7,5.7,17.0,-0.63,-33.87,-46.45,-25.64,60.74,74.53,2.68,3.28,9.56,7.83,37.88,112.13,13.96,13.28,66.1,45.38,0.2171,0.6941,False,False,False
SHW,Basic Materials,Specialty Chemicals,6.8,7.5,2.1,-4.2,1.3,12.1,-14.09,-10.21,-13.43,4.41,29.77,28.52,-7.09,-6.79,16.89,3.73,19.57,75.26,23.94,23.57,29.66,24.58,1.4044,0.8399,False,True,False
SPG,Real Estate,REIT - Retail,19.3,16.4,6.7,95.2,-1.9,-84.2,2.95,14.36,32.98,55.05,14.39,28.09,0.15,0.3,13.01,14.59,19.74,78.57,6.65,6.36,20.87,18.25,0.7424,0.5134,False,False,True
SWKS,Technology,Semiconductors,-1.0,-44.9,-2.2,-19.9,-8.9,-55.1,39.35,26.24,22.06,-2.4,32.83,26.3,-1.65,-1.32,2.12,2.97,13.21,12.24,4.04,4.09,53.99,40.57,0.9024,1.2786,True,True,True
SJM,Consumer Defensive,Packaged Foods,7.0,,6.7,-265.4,0.4,-400.1,-8.06,3.3,-3.41,5.09,,,,,2.12,2.08,9.88,11.12,8.93,8.73,21.68,29.74,0.161,-0.0938,False,True,True
SW,Consumer Cyclical,Packaging & Containers,0.7,-83.6,47.7,119.1,1.7,-33.0,-11.39,17.41,-3.73,-12.39,55.43,121.45,0.47,1.02,1.19,1.12,7.36,21.51,31.24,31.18,45.44,40.57,1.9667,1.399,True,False,True
SNA,Industrials,Tools & Accessories,5.2,4.0,0.9,-2.6,-2.4,-5.3,-3.23,12.1,19.36,48.75,19.31,18.81,-7.43,-7.23,3.26,3.63,13.51,19.4,5.22,5.16,23.74,21.15,0.9593,0.7236,False,True,True
SOLV,Healthcare,Medical Instruments & Supplies,-3.0,-91.0,0.9,224.8,0.4,-79.4,4.03,-11.24,4.59,27.16,9.28,30.14,0.04,0.13,2.61,2.16,15.91,13.15,8.26,8.32,27.49,26.69,1.1944,0.9309,True,False,True
SO,Utilities,Utilities - Regulated Electric,8.0,-0.8,10.6,-1.4,20.3,226.0,-4.06,5.63,7.66,27.96,23.97,23.63,-17.12,-16.88,2.81,6.04,13.03,104.3,30.18,29.55,16.99,15.64,0.046,-0.1457,True,True,False
LUV,Industrials,Airlines,12.8,,2.1,-5.2,-2.6,-29.7,-9.89,25.64,31.07,77.33,28.87,27.37,-5.55,-5.26,3.08,0.84,10.95,21.17,28.88,28.06,48.87,44.39,2.475,1.5761,False,True,True
SWK,Industrials,Tools & Accessories,2.7,-34.8,-1.5,36.6,4.4,-62.3,-4.63,13.59,24.86,3.87,32.62,44.56,0.89,1.22,1.36,1.24,11.34,12.32,15.23,15.13,41.26,37.36,1.6948,1.5775,True,False,True
SBUX,Consumer Cyclical,Restaurants,8.8,32.6,2.8,-50.6,-3.9,74.2,4.73,20.12,23.03,37.86,78.1,38.58,-1.54,-0.76,,3.58,25.49,114.82,38.47,37.18,31.04,28.59,0.9711,0.8239,False,True,False
STT,Financial Services,Asset Management,-2.8,-24.1,8.1,9.6,3.5,2.3,22.56,35.2,66.97,127.11,16.0,17.54,1.67,1.83,1.81,,,43.62,14.39,13.96,25.13,24.77,1.008,1.2679,True,False,False
STLD,Basic Materials,Steel,19.1,93.1,3.6,-22.9,17.9,51.6,29.8,56.5,111.17,103.74,27.71,21.36,-1.21,-0.93,4.22,2.17,17.8,37.6,19.01,18.18,37.31,34.71,1.6322,1.3716,False,True,False
STE,Healthcare,Medical Devices,7.3,52.2,,,,51.2,-13.06,-17.86,-11.42,-1.9,26.82,,,,2.95,3.81,16.46,21.14,5.94,,25.83,23.75,0.8187,0.636,False,False,False
SYK,Healthcare,Medical Devices,2.6,14.2,11.2,8.5,-16.1,-12.2,-20.3,-16.94,-18.77,-8.11,35.44,38.45,4.17,4.52,5.25,5.15,18.82,117.93,25.27,25.12,28.58,21.95,0.6195,0.4603,False,False,True
SMCI,Technology,Computer Hardware,122.7,326.0,46.6,-9.0,-19.2,20.7,29.75,23.62,0.36,-50.82,20.05,18.25,-2.23,-2.03,3.28,0.97,20.7,24.84,33.7,21.97,106.37,78.08,4.3182,3.1683,False,True,False
SYF,Financial Services,Credit Services,6.1,20.1,-0.5,1.5,-2.5,7.2,4.55,-7.68,24.74,74.8,7.4,7.51,4.93,5.01,1.58,2.14,,24.04,9.89,14.98,29.32,29.16,1.1495,1.3851,False,False,False
SNPS,Technology,Software - Infrastructure,65.5,-82.0,15.1,-41.1,-5.5,-73.7,13.18,9.66,5.64,-17.16,109.99,64.78,-2.68,-1.58,3.16,13.66,67.74,92.03,8.01,7.05,43.15,56.37,1.4752,1.7789,True,True,True
SYY,Consumer Defensive,Food Distribution,4.7,-13.5,3.2,-6.5,-1.2,-12.6,-15.46,1.51,8.37,12.34,20.86,19.5,-3.21,-3.0,15.93,0.6,10.91,36.3,83.57,81.37,37.35,26.73,0.8792,0.4237,True,True,True
TMUS,Communication Services,Telecom Services,10.6,-12.0,8.5,-3.1,-5.0,19.1,,-8.09,-19.67,15.44,20.28,19.65,-6.54,-6.34,3.53,3.57,9.54,204.55,90.53,88.31,27.06,24.76,-0.5504,-0.3193,True,True,False
TROW,Financial Services,Asset Management,5.3,3.7,3.1,-0.6,-4.0,11.9,10.72,4.72,15.72,-0.77,11.21,11.14,-18.68,-18.57,2.06,2.7,6.83,22.19,7.41,7.31,19.57,23.77,0.7702,1.1107,False,True,False
TTWO,Communication Services,Electronic Gaming & Multimedia,6.1,,18.2,-93.3,-1.1,-36.0,1.87,-12.62,-3.34,36.44,,,,,11.54,6.22,52.53,40.45,6.66,6.66,30.64,29.1,0.5011,0.7488,False,True,True
TPR,Consumer Cyclical,Luxury Goods,21.2,73.7,5.1,-77.5,-23.2,-38.7,-6.8,30.5,88.04,264.74,42.39,9.54,-0.55,-0.12,43.1,4.11,16.36,29.38,7.85,7.01,43.35,40.67,1.8007,1.5504,False,True,True
TRGP,Energy,Oil & Gas Midstream,-10.2,142.9,3.9,46.6,1.0,-12.0,9.95,49.85,69.17,138.38,26.94,39.49,0.58,0.85,18.34,4.55,14.46,56.26,16.56,17.03,26.92,27.59,-0.3569,0.0821,False,False,True
TGT,Consumer Defensive,Discount Stores,6.7,-24.7,-1.7,-9.4,,-24.6,14.75,43.59,41.54,-5.89,16.95,15.36,-1.8,-1.63,3.6,0.7,9.55,58.43,106.38,104.78,31.02,30.4,0.2091,0.778,True,True,True
TEL,Technology,Electronic Components,14.5,7150.0,8.9,-42.3,1.6,14.0,-0.39,-6.18,31.57,46.11,21.33,12.31,-0.5,-0.29,4.76,3.55,14.01,61.39,18.7,17.26,42.99,33.29,1.5661,1.6164,False,True,False
TDY,Technology,Scientific & Technical Instruments,7.6,21.6,7.9,9.2,-3.2,-17.7,-7.92,28.73,27.45,64.29,31.05,33.91,3.38,3.69,2.79,5.03,20.37,29.38,6.23,6.12,27.15,24.33,1.3155,1.0186,False,False,True
TER,Technology,Semiconductor Equipment & Materials,87.0,314.8,13.1,2.2,18.4,55.1,17.48,113.19,373.73,171.67,71.26,72.83,32.39,33.1,21.36,15.78,51.43,59.9,3.79,3.19,82.58,64.8,3.6102,2.821,False,False,False
TSLA,Consumer Cyclical,Auto Manufacturers,15.8,8.3,-2.9,-46.8,-10.1,-43.2,9.62,2.78,23.34,150.92,401.91,213.82,-8.59,-4.57,20.19,16.68,147.13,1660.41,97.88,94.83,40.27,46.39,1.7878,2.075,False,True,True
TXN,Technology,Semiconductors,18.6,31.3,13.0,4.2,9.1,32.8,51.35,90.07,75.58,71.54,54.1,56.37,12.88,13.42,17.14,16.08,34.22,287.54,18.44,17.68,50.74,38.77,1.3235,0.9922,False,False,False
TPL,Energy,Oil & Gas E&P,20.8,18.3,13.1,6.0,11.9,15.9,-24.43,41.18,1.09,101.17,54.9,58.19,9.15,9.7,17.79,32.72,39.77,27.68,0.84,0.8,49.67,45.75,0.1655,0.4555,False,False,False
TXT,Industrials,Aerospace & Defense,11.8,10.6,8.0,11.8,-11.5,-6.4,-8.68,12.15,24.33,7.04,17.61,19.69,1.49,1.67,2.0,1.23,11.1,15.98,15.19,14.8,28.59,25.2,1.1254,0.8296,False,False,True
TMO,Healthcare,Diagnostics & Research,6.2,11.3,3.9,5.8,-9.9,-15.9,-4.11,-16.59,21.12,-13.55,26.77,28.32,4.62,4.88,3.43,4.89,19.57,181.06,45.2,44.56,35.42,30.91,1.0927,0.9594,False,False,True
TJX,Consumer Cyclical,Apparel Retail,9.2,29.3,7.1,13.0,,28.6,-2.84,3.11,23.38,56.55,30.61,34.59,2.35,2.66,16.83,2.96,20.61,171.28,61.58,60.37,22.45,17.62,0.6828,0.2867,False,False,False
TKO,Communication Services,Entertainment,25.9,63.0,-3.1,1977.0,53.8,-500.0,-10.5,4.19,29.73,87.34,69.87,1451.2,0.04,0.73,4.45,4.81,16.91,15.03,5.06,4.74,32.21,31.59,1.1185,0.7123,False,False,True
TTD,Communication Services,Advertising Agencies,11.8,-20.0,18.5,12.8,-18.7,-78.6,-13.03,-46.56,-71.75,-77.84,25.18,28.4,1.97,2.22,4.05,3.02,12.62,9.94,2.97,2.9,66.26,63.22,0.1325,0.8142,True,False,True
TSCO,Consumer Cyclical,Specialty Retail,3.6,-8.1,4.3,-0.5,-7.9,-27.7,-39.51,-40.8,,-42.07,15.08,15.0,-30.16,-30.0,6.4,1.45,11.6,16.45,15.65,15.52,39.87,30.57,0.8153,0.4754,True,True,True
TT,Industrials,Building Products & Equipment,6.0,-2.1,7.5,13.7,-3.4,-1.2,-2.75,10.53,5.34,42.79,34.98,39.77,2.55,2.9,11.68,4.79,24.46,99.97,21.6,21.32,31.74,26.86,1.4566,1.0323,True,False,True
TDG,Industrials,Aerospace & Defense,18.3,11.5,11.2,21.0,11.3,20.2,-3.89,-6.63,-7.44,8.78,38.76,46.9,1.85,2.23,,10.4,20.38,70.76,9.5,8.83,30.98,27.38,1.1209,0.7658,False,False,False
TRV,Financial Services,Insurance - Property & Casualty,1.0,357.6,5.2,25.8,-4.1,-31.5,-4.92,2.08,8.95,44.84,8.95,11.26,0.35,0.44,1.96,1.32,6.12,62.58,48.94,48.83,17.04,18.36,0.2094,0.1917,False,False,True
TRMB,Technology,Scientific & Technical Instruments,11.8,55.6,-2.6,-71.8,-3.1,-36.8,-19.72,-32.75,-23.36,-1.4,28.75,8.11,-0.4,-0.11,2.22,3.79,16.13,12.8,3.69,3.59,31.53,28.35,0.9701,1.4019,False,True,True
TFC,Financial Services,Banks - Regional,5.2,25.3,53.0,10.1,-1.8,9.4,-2.51,4.77,26.17,39.97,11.98,13.19,1.19,1.31,1.0,4.82,,59.55,18.66,20.32,24.79,22.75,0.9848,1.0101,False,False,False
TYL,Technology,Software - Application,8.6,2.2,9.1,20.0,6.7,23.9,-13.7,-34.26,-46.47,-35.62,41.87,50.24,2.09,2.51,3.65,5.29,27.74,12.59,2.38,2.33,33.6,35.59,-0.4224,0.3349,False,False,False
TSN,Consumer Defensive,Farm Products,4.4,3602.2,2.1,-40.8,-4.6,205.9,,7.21,14.39,15.56,52.1,30.84,-1.28,-0.76,1.21,0.53,10.89,21.83,55.71,54.44,29.5,23.79,0.0029,0.1883,False,True,False
USB,Financial Services,Banks - Regional,4.6,14.8,4.4,20.2,-1.0,-4.9,0.7,12.41,29.71,52.2,11.46,13.77,0.57,0.68,1.45,4.56,,84.52,26.65,28.54,21.76,21.7,0.8233,0.9581,False,False,True
UBER,Technology,Software - Application,14.5,-84.6,18.3,2.0,-8.1,-11.1,-6.62,-18.08,-15.87,9.23,17.55,17.9,8.78,8.95,5.42,2.83,21.62,144.36,53.69,52.02,34.1,32.23,1.0655,1.0279,True,False,True
UDR,Real Estate,REIT - Residential,4.2,151.6,2.4,321.6,-1.7,-14.8,2.42,7.53,-3.94,10.08,25.77,108.65,0.08,0.34,3.83,10.76,18.18,14.04,1.77,1.71,19.54,19.25,0.4406,0.3392,False,False,True
ULTA,Consumer Cyclical,Specialty Retail,11.8,-5.4,9.7,-4.0,36.4,54.5,-23.17,-5.02,23.32,37.5,20.3,19.49,-5.08,-4.87,8.19,1.97,13.33,22.75,12.39,12.39,39.78,34.84,0.9199,0.6294,True,True,False
UNP,Industrials,Railroads,3.2,6.2,1.1,5.8,2.2,-8.0,,16.69,22.82,23.71,21.98,23.25,3.79,4.01,8.58,7.65,15.02,158.52,24.7,24.51,26.93,21.36,0.4383,0.467,False,False,True
UAL,Industrials,Airlines,10.6,84.5,3.5,6.5,-5.1,-33.0,11.48,13.79,46.44,121.99,10.29,10.96,1.58,1.69,2.35,0.9,6.87,37.34,60.47,59.07,58.68,49.27,2.6095,2.4796,False,False,True
UPS,Industrials,Integrated Freight & Logistics,-1.6,-27.2,-2.6,-3.6,-13.4,-51.8,-5.2,15.5,16.21,-10.35,16.9,16.29,-4.69,-4.52,5.58,1.29,9.6,90.67,88.32,88.66,34.39,29.21,1.0854,0.8321,True,True,True
URI,Industrials,Rental & Leasing Services,7.2,6.6,4.9,-3.1,-5.3,-18.7,20.7,23.28,39.41,55.96,25.25,24.47,-8.15,-7.89,6.95,4.69,16.89,61.92,16.36,16.1,55.87,41.4,0.985,1.1444,False,True,True
UNH,Healthcare,Healthcare Plans,2.0,0.7,11.8,-16.3,-1.3,500.0,30.71,20.08,31.91,-17.56,28.89,24.18,-1.77,-1.48,3.55,0.89,18.71,347.39,449.71,447.57,33.2,40.03,0.531,0.6687,False,True,False
UHS,Healthcare,Medical Care Facilities,9.6,17.7,9.7,30.4,0.2,-21.8,-27.27,-37.24,-21.11,-16.04,6.44,8.4,0.21,0.28,1.22,0.8,5.33,9.09,17.76,17.36,30.67,31.79,0.4946,0.4414,False,False,True
VLO,Energy,Oil & Gas Refining & Marketing,6.6,,-5.5,-15.2,6.6,11.4,14.47,37.1,94.42,67.48,17.87,15.15,-1.18,-1.0,3.09,0.69,8.86,72.7,117.84,122.69,42.7,34.98,-1.3703,-0.1527,False,True,False
VEEV,Healthcare,Health Information Services,16.0,23.2,16.3,27.3,3.0,3.4,-9.41,-31.63,-41.09,-18.01,30.22,38.47,1.11,1.41,3.73,6.38,20.69,26.83,3.2,3.2,41.29,34.13,0.2431,0.6308,False,False,False
VTR,Real Estate,REIT - Healthcare Facilities,21.9,10.0,18.5,209.8,5.8,-20.4,-0.37,8.06,37.41,91.7,155.98,483.23,0.74,2.3,3.18,8.95,23.91,41.71,6.11,5.83,20.47,17.98,0.3299,-0.0181,False,False,True
VLTO,Industrials,Pollution & Treatment Controls,6.8,13.3,6.0,12.8,1.9,0.0,-14.0,-17.09,-17.13,-14.53,21.8,24.59,1.7,1.92,6.82,3.92,15.93,20.5,5.59,5.5,20.31,20.34,0.4831,0.5447,False,False,False
VRSN,Technology,Software - Infrastructure,6.6,11.4,6.4,5.1,0.8,4.0,30.2,18.73,11.59,76.0,32.69,34.36,6.41,6.74,,16.75,24.05,26.95,1.68,1.66,28.93,27.28,0.0117,0.194,False,False,False
VRSK,Industrials,Consulting Services,3.9,4.8,6.6,-5.1,0.5,18.8,-19.34,-22.5,-44.59,-29.05,26.18,24.84,-5.13,-4.87,77.39,8.62,17.73,22.64,3.1,3.07,36.63,31.01,-0.3877,-0.13,False,True,False
VZ,Communication Services,Telecom Services,2.9,4.3,2.5,-1.9,-5.3,115.4,-2.5,21.69,18.27,39.89,11.77,11.55,-6.19,-6.08,1.94,2.83,7.72,200.47,139.15,138.19,19.48,22.24,-0.162,-0.1599,False,True,False
VRTX,Healthcare,Biotechnology,7.8,61.4,8.9,-838.1,-6.4,-13.4,-7.83,5.26,0.2,1.55,25.97,-191.68,-0.03,0.23,5.88,8.88,21.77,113.7,12.22,12.0,30.32,33.84,0.8225,0.7512,False,True,True
VRT,Industrials,Electrical Equipment & Parts,30.1,135.7,27.7,168.8,-8.0,-12.5,21.92,75.35,190.0,205.18,80.56,216.55,0.48,1.28,30.49,11.2,50.96,120.68,10.84,10.23,60.02,57.63,2.419,2.4729,False,False,True
VTRS,Healthcare,Drug Manufacturers - Specialty & Generic,8.1,,-3.0,454.2,-5.0,-151.9,4.25,52.96,89.64,70.08,,,,,1.26,2.13,7.51,18.76,14.56,14.3,36.07,32.26,1.1958,0.945,False,False,True
VICI,Real Estate,REIT - Diversified,3.5,60.1,4.1,3.6,0.5,44.3,-5.17,2.33,-5.06,13.82,9.7,10.05,2.69,2.79,1.07,11.86,12.01,30.51,4.04,4.01,18.88,16.38,0.3841,0.1921,False,False,False
V,Financial Services,Credit Services,17.1,35.5,11.3,1.6,3.0,2.9,1.6,-1.24,-9.63,22.7,28.33,28.78,17.71,17.99,16.22,14.48,20.67,617.97,43.03,40.0,23.88,22.07,0.3684,0.613,False,False,False
VST,Utilities,Utilities - Independent Power Producers,43.4,,3.0,-64.5,23.0,341.6,-3.31,-7.44,0.86,56.77,26.8,9.51,-0.42,-0.15,20.67,3.9,11.16,54.04,19.45,17.74,50.65,48.65,1.2542,1.5462,False,True,False
VMC,Basic Materials,Building Materials,7.4,29.7,7.1,18.1,-8.2,-34.3,-9.27,-4.81,5.07,11.51,32.67,38.58,1.8,2.13,4.24,5.08,17.5,35.91,8.06,7.94,27.87,24.88,1.1419,0.8857,False,False,True
WRB,Financial Services,Insurance - Property & Casualty,4.0,26.0,6.9,1.3,-0.2,14.6,-12.21,-10.37,-10.74,30.17,13.62,13.8,10.48,10.62,2.46,1.66,9.58,23.94,14.85,14.64,21.59,20.95,-0.04,-0.0396,False,False,False
GWW,Industrials,Industrial Distribution,10.1,18.2,4.5,-10.6,7.2,23.1,8.48,32.54,15.89,39.29,33.56,30.0,-3.17,-2.83,14.99,3.34,19.9,58.89,18.38,17.94,24.08,24.81,0.7887,0.8759,False,True,False
WAB,Industrials,Railroads,13.0,12.8,7.5,10.8,-0.5,79.2,-0.82,25.49,30.3,57.48,36.89,40.87,3.42,3.78,4.0,4.41,20.14,44.32,11.51,11.17,29.4,23.4,1.4149,1.1236,False,False,False
WMT,Consumer Defensive,Discount Stores,7.3,19.4,4.7,12.6,,18.8,-6.08,7.25,23.47,86.58,41.87,47.15,3.32,3.74,9.51,1.4,22.6,947.75,725.3,713.16,27.06,23.41,0.3337,0.0453,False,False,False
DIS,Communication Services,Entertainment,6.5,-29.8,3.4,149.5,-3.1,-6.5,-0.58,-2.19,-6.38,4.9,16.68,41.62,0.11,0.28,1.7,2.35,11.58,180.13,97.26,94.42,25.62,24.23,1.0128,0.8962,True,False,True
WBD,Communication Services,Entertainment,-1.0,,-5.1,-106.4,-6.0,500.0,-5.12,13.28,169.32,253.0,,,,,1.87,2.64,12.93,67.79,37.21,37.3,11.05,47.49,0.3299,0.8344,False,True,False
WM,Industrials,Waste Management,3.5,13.3,14.2,-1.4,-1.4,-2.6,-11.44,0.07,-8.46,8.15,31.16,30.72,-22.26,-21.94,8.61,4.28,14.2,86.1,25.41,25.2,20.58,18.43,-0.2835,-0.1853,False,True,True
WAT,Healthcare,Diagnostics & Research,91.4,,7.0,0.8,35.9,-132.0,19.35,-7.82,3.2,11.91,43.5,43.85,54.38,54.81,8.53,10.91,36.25,36.0,3.77,3.17,46.25,38.65,1.3289,0.9829,False,False,True
WEC,Utilities,Utilities - Regulated Electric,9.0,7.9,14.0,2.0,35.4,153.9,-3.42,3.87,8.87,51.59,22.7,23.15,11.35,11.57,2.67,5.86,15.03,36.37,10.08,9.8,17.43,14.91,0.0653,-0.0093,False,False,False
WFC,Financial Services,Banks - Diversified,5.7,15.1,1.7,8.2,0.7,-2.0,-6.65,-9.29,5.13,36.54,11.76,12.72,1.43,1.55,1.44,3.2,,234.56,81.14,83.7,29.42,26.43,0.6466,0.9756,False,False,True
WELL,Real Estate,REIT - Healthcare Facilities,38.3,157.9,35.8,-1.6,5.5,500.0,0.4,3.85,39.49,116.4,101.1,99.48,-63.19,-62.17,3.48,14.01,55.16,148.45,11.77,10.67,23.49,20.49,0.4333,0.1471,False,True,False
WST,Healthcare,Medical Instruments & Supplies,21.0,56.1,6.3,0.2,5.0,5.1,28.18,17.58,53.41,0.3,41.85,41.93,209.25,209.65,7.63,7.0,25.9,22.73,3.22,3.07,38.09,41.36,0.5605,0.8328,False,False,False
WDC,Technology,Computer Hardware,45.5,482.9,50.7,-333.2,10.6,74.0,96.77,225.22,915.17,811.51,31.79,-74.13,-0.1,0.22,25.4,15.42,46.23,183.09,11.78,9.52,67.46,63.43,2.8226,2.4765,False,True,False
WY,Real Estate,REIT - Specialty,-2.0,96.6,-3.1,-18.2,12.1,110.8,0.62,,-2.39,-11.1,43.86,35.88,-2.41,-1.97,1.88,3.33,32.75,17.71,6.87,6.91,24.33,25.6,0.6815,0.4404,False,True,False
WSM,Consumer Cyclical,Specialty Retail,4.4,4.3,1.2,-3.3,-23.4,-37.1,2.52,13.5,26.81,49.97,22.77,22.02,-6.9,-6.67,11.73,3.18,15.18,24.21,7.88,7.81,35.37,33.88,1.3696,1.3787,False,True,True
WMB,Energy,Oil & Gas Midstream,9.0,25.0,13.8,17.7,-5.3,17.8,-3.41,20.87,25.31,95.97,32.5,38.25,1.84,2.16,7.0,9.99,17.74,89.44,12.11,11.95,22.65,22.9,0.047,0.0765,False,False,False
WTW,Financial Services,Insurance Brokers,8.5,33.0,-2.2,-1737.8,-17.8,-59.6,-16.86,-20.96,-19.12,3.35,14.93,-244.52,-0.01,0.14,3.0,2.92,10.46,23.8,9.9,9.71,32.49,27.23,-0.1127,0.0609,False,True,True
WDAY,Technology,Software - Application,13.5,248.0,13.1,31.7,0.4,53.1,-2.98,-39.06,-46.22,-38.55,38.81,51.11,1.22,1.61,4.32,3.2,20.88,32.11,9.85,9.55,54.16,40.68,-0.5677,0.4672,False,False,False
WYNN,Consumer Cyclical,Resorts & Casinos,9.2,50.9,0.1,-34.7,-0.5,20.4,-1.58,-23.15,12.94,12.0,29.09,19.0,-0.84,-0.55,,2.74,11.37,10.54,7.29,7.14,31.98,35.24,1.2574,1.1192,False,True,False
XEL,Utilities,Utilities - Regulated Electric,2.9,6.0,9.1,4.2,12.9,-1.9,-4.72,0.92,17.7,58.93,22.84,23.8,5.44,5.67,2.09,5.88,14.35,49.48,14.78,14.67,21.49,18.61,0.2248,0.0898,False,False,True
XYL,Industrials,Specialty Industrial Machinery,2.7,14.5,5.5,7.5,-11.3,-42.4,-15.3,-21.37,-12.27,-18.94,27.38,29.43,3.65,3.92,2.32,3.02,14.37,25.97,9.09,9.04,25.71,24.25,0.9929,0.911,False,False,True
YUM,Consumer Cyclical,Restaurants,15.2,72.2,8.8,4.9,-18.1,-19.3,-7.46,1.02,6.16,15.77,24.51,25.71,5.0,5.25,,6.34,17.98,41.35,8.49,8.21,21.45,21.61,0.3287,0.1774,False,False,True
ZBRA,Technology,Communication Equipment,14.3,3.8,8.3,-20.6,1.4,92.9,10.71,-1.35,-15.25,-21.78,29.94,23.77,-1.45,-1.15,3.46,2.6,14.18,11.81,5.58,5.4,43.13,41.15,1.2248,1.6643,False,True,False
ZBH,,,,,,,,,,,,,,,,,,,,,,,,,,,,,
ZTS,,,,,,,,,,,,,,,,,,,,,,,,,,,,,
